channel,well,adapter,collinear_confidence,conductance,conductance_filtered_data,event,experiment_tag,flow_cell_id,group_1_adjusted_offset_0mv_pa,group_1_adjusted_offset_0mv_std,group_1_offset_voltage_mv,group_order,include_well,initial_0mv_current_pa,initial_0mv_current_std,initial_current_0_pa,initial_current_1_pa,initial_current_2_pa,initial_voltage_0_mv,initial_voltage_1_mv,initial_voltage_2_mv,intercept,intercept_adjusted_0mv_current_pa,intercept_adjusted_0mv_current_std,multiple,mux_scan_assessment,mux_uncertain,pore,pore_1,pore_median,pore_sd,previous_offset,reserve_pore_intercept_median_mv,scan_number,scan_offset_voltage_mv,scan_running_voltage_mv,seconds_since_start_of_run,strand,strand2,strand_median,strand_range,total_good_samples,total_time_active,transition,unavailable,unclassed,unknown_negative,unknown_positive,zero
1,1,0,0.03,0.0,False,0,sample3,PAW72062,-0.054,0.367,12,0,0,-0.06,0.366,-0.117,-0.118,-0.116,-30,-40,-50,-625.0,-0.074,0.355,0,zero,0,0,0,,,0,12.658,1,13,-177,6,0,0,,,0,0.0,0,0,0,0,0,54017
1,2,0,0.08,0.001,False,0,sample3,PAW72062,-0.082,0.351,12,0,0,-0.099,0.331,-0.093,-0.104,-0.107,-30,-40,-50,90.552,-0.062,0.364,0,zero,0,0,0,,,0,12.658,1,13,-177,6,0,0,,,0,0.0,0,0,0,0,0,54509
1,3,0,-0.22,0.002,False,0,sample3,PAW72062,-0.402,0.307,12,0,0,-0.421,0.314,-0.44,-0.445,-0.472,-30,-40,-50,204.229,-0.389,0.307,0,zero,0,0,0,,,0,12.658,1,13,-177,6,0,0,,,0,0.0,0,0,0,0,0,55286
1,4,0,-0.16,0.0,False,0,sample3,PAW72062,-0.254,0.267,12,0,0,-0.283,0.259,-0.303,-0.294,-0.301,-30,-40,-50,-174.03,-0.255,0.267,0,zero,0,0,0,,,0,12.658,1,13,-177,6,0,0,,,0,0.0,0,0,0,0,0,56232
2,1,0,-0.67,0.001,False,0,sample3,PAW72062,0.037,0.493,12,0,0,0.039,0.503,-0.006,0.018,-0.025,-30,-40,-50,-39.113,0.03,0.5,0,zero,0,0,0,,,0,12.658,1,13,-177,6,0,0,,,0,0.0,0,0,0,0,0,55136
2,2,0,0.94,0.001,False,0,sample3,PAW72062,0.089,0.485,12,0,0,0.102,0.474,0.136,0.076,0.11,-30,-40,-50,-55.412,0.089,0.483,0,zero,0,0,0,,,0,12.658,1,13,-177,6,0,0,,,0,0.0,0,0,0,0,0,55251
2,3,0,-0.29,0.0,False,0,sample3,PAW72062,-0.771,0.487,12,0,0,-0.756,0.492,-0.769,-0.75,-0.76,-30,-40,-50,-418.432,-0.721,0.506,0,zero,0,0,0,,,0,12.658,1,13,-177,6,0,0,,,0,0.0,0,0,0,0,0,55659
2,4,0,-0.1,0.002,False,0,sample3,PAW72062,-0.362,0.558,12,0,0,-0.402,0.558,-0.38,-0.394,-0.418,-30,-40,-50,164.404,-0.283,0.554,0,zero,0,0,0,,,0,12.658,1,13,-177,6,0,0,,,0,0.0,0,0,0,0,0,55364
3,1,0,-0.18,0.002,False,0,sample3,PAW72062,-0.096,0.384,12,0,0,-0.056,0.374,-0.056,-0.063,-0.088,-30,-40,-50,-0.989,-0.064,0.383,0,zero,0,0,0,,,0,12.658,1,13,-177,6,0,0,,,0,0.0,0,0,0,0,0,55125
3,2,1889,1.9,0.9,True,41,sample3,PAW72062,5.598,0.522,12,1,1,14.419,0.681,38.255,47.162,56.259,-30,-40,-50,12.459,4.778,0.44,0,single_pore,0,12111,8120,214.49,0.96,0,12.658,1,13,-177,6,30019,0,101.53,57.1,44060,0.0,0,0,0,0,162,336
3,3,0,-0.06,0.01,False,0,sample3,PAW72062,-1.634,0.349,12,0,0,-1.627,0.344,-1.29,-1.183,-1.082,-30,-40,-50,-153.911,-1.655,0.357,0,zero,0,0,0,,,0,12.658,1,13,-177,6,0,0,,,0,0.0,0,0,0,0,0,55272
3,4,0,,,False,0,sample3,PAW72062,1.539,1.425,12,0,0,,,,,,-30,-40,-50,,1.385,1.411,0,unavailable,0,0,32,,,0,12.658,1,13,-177,6,0,28364,,,0,0.0,0,14122,0,0,2727,0
4,1,0,,,False,0,sample3,PAW72062,,,12,0,0,,,,,,-30,-40,-50,,,,0,saturated,0,0,0,,,0,12.658,1,13,-177,6,0,0,,,0,0.0,0,0,0,0,0,0
4,2,0,1.82,0.001,False,0,sample3,PAW72062,2.521,0.863,12,0,0,2.462,0.934,3.785,3.703,3.803,-30,-40,-50,79.215,1.754,0.659,0,unavailable,0,0,0,,,0,12.658,1,13,-177,6,0,0,,,0,0.0,0,31194,0,0,5000,5006
4,3,0,10.12,1.499,False,13,sample3,PAW72062,7.02,0.48,12,0,0,22.379,0.68,64.298,78.778,94.27,-30,-40,-50,12.773,5.614,0.688,0,other,0,6804,53263,170.83,1.26,0,12.658,1,13,-177,6,0,0,,,6817,0.0,0,0,0,0,0,0
4,4,0,,,False,0,sample3,PAW72062,,,12,0,0,,,,,,-30,-40,-50,,,,0,saturated,0,0,0,,,0,12.658,1,13,-177,6,0,0,,,0,0.0,0,0,0,0,0,0
5,1,913,4.02,0.898,True,19,sample3,PAW72062,6.221,0.514,12,1,1,15.228,0.604,39.666,48.441,57.618,-30,-40,-50,14.107,5.321,0.465,0,single_pore,0,2176,45,215.64,1.03,0,12.658,1,13,-177,6,50065,100,107.48,61.1,53173,0.0,0,0,0,0,0,0
5,2,336,2.5,0.98,True,3,sample3,PAW72062,6.486,0.545,12,2,1,16.325,0.629,42.866,52.546,62.476,-30,-40,-50,13.673,5.624,0.601,0,single_pore,0,5286,216,230.85,1.01,0,12.658,1,13,-177,6,43796,0,121.72,61.6,49421,0.0,0,5076,0,0,809,0
5,3,0,,,False,0,sample3,PAW72062,,,12,0,0,,,,,,-30,-40,-50,,,,0,saturated,0,0,0,,,0,12.658,1,13,-177,6,0,0,,,0,0.0,0,0,0,0,0,0
5,4,0,0.18,0.002,False,0,sample3,PAW72062,-0.202,0.442,12,0,0,-0.213,0.434,-0.194,-0.218,-0.224,-30,-40,-50,86.19,-0.174,0.438,0,zero,0,0,0,,,0,12.658,1,13,-177,6,0,0,,,0,0.0,0,0,0,0,0,55156
6,1,2163,-0.47,0.919,True,123,sample3,PAW72062,5.364,0.443,12,1,1,14.279,0.537,38.589,47.804,56.972,-30,-40,-50,11.992,4.531,0.461,0,single_pore,0,16136,311,215.71,1.0,0,12.658,1,13,-177,6,20017,0,109.51,60.6,38439,0.0,0,11503,0,0,6453,0
6,2,0,,,False,0,sample3,PAW72062,,,12,0,0,,,,,,-30,-40,-50,,,,0,saturated,0,0,0,,,0,12.658,1,13,-177,6,0,0,,,0,0.0,0,0,0,0,0,0
6,3,0,,,False,0,sample3,PAW72062,,,12,0,0,,,,,,-30,-40,-50,,,,0,saturated,0,0,0,,,0,12.658,1,13,-177,6,0,0,,,0,0.0,0,0,0,0,0,0
6,4,0,,,False,0,sample3,PAW72062,,,12,0,0,,,,,,-30,-40,-50,,,,0,saturated,0,0,0,,,0,12.658,1,13,-177,6,0,0,,,0,0.0,0,0,0,0,0,0
7,1,0,,,False,0,sample3,PAW72062,,,12,0,0,,,,,,-30,-40,-50,,,,0,saturated,0,0,0,,,0,12.658,1,13,-177,6,0,0,,,0,0.0,0,0,0,0,0,0
7,2,0,9.43,1.816,False,0,sample3,PAW72062,11.664,0.594,12,0,0,29.625,0.77,78.088,95.774,114.403,-30,-40,-50,12.907,10.123,0.713,0,saturated,0,0,0,,,0,12.658,1,13,-177,6,0,0,,,0,0.0,0,0,0,0,0,0
7,3,0,,,False,0,sample3,PAW72062,,,12,0,0,,,,,,-30,-40,-50,,,,0,saturated,0,0,0,,,0,12.658,1,13,-177,6,0,0,,,0,0.0,0,0,0,0,0,0
7,4,0,,,False,0,sample3,PAW72062,,,12,0,0,,,,,,-30,-40,-50,,,,0,saturated,0,0,0,,,0,12.658,1,13,-177,6,0,0,,,0,0.0,0,0,0,0,0,0
8,1,0,,,False,0,sample3,PAW72062,,,12,0,0,,,,,,-30,-40,-50,,,,0,saturated,0,0,0,,,0,12.658,1,13,-177,6,0,0,,,0,0.0,0,0,0,0,0,0
8,2,0,4.01,0.904,True,0,sample3,PAW72062,6.043,0.531,12,1,1,14.944,0.732,38.974,47.814,57.055,-30,-40,-50,13.028,5.399,0.581,0,single_pore,0,395,0,211.83,0.94,0,12.658,1,13,-177,6,60052,0,107.66,60.1,60447,0.0,0,0,0,0,150,0
8,3,0,,,False,182,sample3,PAW72062,12.818,0.895,12,0,0,,,,,,-30,-40,-50,,10.623,0.927,330,multiple,0,24,52055,197.36,1.76,0,12.658,1,13,-177,6,0,0,,,0,0.0,0,0,0,0,3155,0
8,4,0,,,False,0,sample3,PAW72062,,,12,0,0,,,,,,-30,-40,-50,,,,0,saturated,0,0,0,,,0,12.658,1,13,-177,6,0,0,,,0,0.0,0,0,0,0,0,0
9,1,0,,,False,0,sample3,PAW72062,,,12,0,0,,,,,,-30,-40,-50,,,,0,saturated,0,0,0,,,0,12.658,1,13,-177,6,0,0,,,0,0.0,0,0,0,0,0,0
9,2,0,,,False,0,sample3,PAW72062,,,12,0,0,,,,,,-30,-40,-50,,,,0,saturated,0,0,0,,,0,12.658,1,13,-177,6,0,0,,,0,0.0,0,0,0,0,0,0
9,3,841,1.5,0.907,True,18,sample3,PAW72062,5.48,0.568,12,1,1,13.669,0.672,38.554,47.553,56.702,-30,-40,-50,12.46,4.854,0.513,0,single_pore,0,2050,220,214.87,1.03,0,12.658,1,13,-177,6,51847,0,103.61,62.8,54756,0.0,0,0,0,0,249,0
9,4,0,,,False,0,sample3,PAW72062,,,12,0,0,,,,,,-30,-40,-50,,,,0,saturated,0,0,0,,,0,12.658,1,13,-177,6,0,0,,,0,0.0,0,0,0,0,0,0
10,1,0,,,False,0,sample3,PAW72062,,,12,0,0,,,,,,-30,-40,-50,,,,0,saturated,0,0,0,,,0,12.658,1,13,-177,6,0,0,,,0,0.0,0,0,0,0,0,0
10,2,0,,,False,0,sample3,PAW72062,,,12,0,0,,,,,,-30,-40,-50,,,,0,saturated,0,0,0,,,0,12.658,1,13,-177,6,0,0,,,0,0.0,0,0,0,0,0,0
10,3,0,,,False,0,sample3,PAW72062,,,12,0,0,,,,,,-30,-40,-50,,,,0,saturated,0,0,0,,,0,12.658,1,13,-177,6,0,0,,,0,0.0,0,0,0,0,0,0
10,4,0,,,False,0,sample3,PAW72062,,,12,0,0,,,,,,-30,-40,-50,,,,0,saturated,0,0,0,,,0,12.658,1,13,-177,6,0,0,,,0,0.0,0,0,0,0,0,0
11,1,0,-0.37,0.0,False,0,sample3,PAW72062,0.018,0.533,12,0,0,0.067,0.514,-0.047,-0.028,-0.046,-30,-40,-50,-41.764,0.071,0.508,0,zero,0,0,0,,,0,12.658,1,13,-177,6,0,0,,,0,0.0,0,0,0,0,0,55302
11,2,0,-0.21,0.002,False,0,sample3,PAW72062,0.001,0.533,12,0,0,0.005,0.527,-0.021,-0.03,-0.06,-30,-40,-50,-22.698,0.007,0.54,0,zero,0,0,0,,,0,12.658,1,13,-177,6,0,0,,,0,0.0,0,0,0,0,0,55183
11,3,0,-0.34,0.001,False,0,sample3,PAW72062,-0.708,0.603,12,0,0,-0.697,0.605,-0.715,-0.688,-0.695,-30,-40,-50,-396.197,-0.647,0.609,0,zero,0,0,0,,,0,12.658,1,13,-177,6,0,0,,,0,0.0,0,0,0,0,0,55360
11,4,0,-0.02,0.001,False,0,sample3,PAW72062,-0.38,0.608,12,0,0,-0.37,0.611,-0.349,-0.363,-0.379,-30,-40,-50,202.086,-0.318,0.598,0,zero,0,0,0,,,0,12.658,1,13,-177,6,0,0,,,0,0.0,0,0,0,0,0,55106
12,1,0,-0.52,0.001,False,0,sample3,PAW72062,0.001,0.37,12,0,0,-0.003,0.367,-0.05,-0.038,-0.078,-30,-40,-50,-21.614,-0.002,0.361,0,zero,0,0,0,,,0,12.658,1,13,-177,6,0,0,,,0,0.0,0,0,0,0,0,55180
12,2,0,-0.18,0.0,False,0,sample3,PAW72062,0.049,0.363,12,0,0,0.06,0.363,0.025,0.033,0.023,-30,-40,-50,-49.643,0.047,0.363,0,zero,0,0,0,,,0,12.658,1,13,-177,6,0,0,,,0,0.0,0,0,0,0,0,55179
12,3,0,0.1,0.001,False,0,sample3,PAW72062,-0.48,0.326,12,0,0,-0.512,0.323,-0.536,-0.535,-0.524,-30,-40,-50,-759.549,-0.5,0.334,0,zero,0,0,0,,,0,12.658,1,13,-177,6,0,0,,,0,0.0,0,0,0,0,0,55125
12,4,0,0.3,0.0,False,0,sample3,PAW72062,-0.287,0.335,12,0,0,-0.271,0.352,-0.268,-0.288,-0.278,-30,-40,-50,99.0,-0.258,0.346,0,zero,0,0,0,,,0,12.658,1,13,-177,6,0,0,,,0,0.0,0,0,0,0,0,55212
13,1,0,0.82,0.016,False,0,sample3,PAW72062,-1.334,0.282,12,0,0,-1.362,0.284,-1.08,-0.959,-0.756,-30,-40,-50,-96.308,-1.382,0.268,0,zero,0,0,0,,,0,12.658,1,13,-177,6,0,0,,,0,0.0,0,0,0,0,0,55242
13,2,0,11.29,0.902,True,8,sample3,PAW72062,5.906,0.719,12,1,1,14.217,0.841,38.022,46.473,56.053,-30,-40,-50,11.897,4.542,0.581,0,single_pore,0,0,389,,,0,12.658,1,13,-177,6,46607,0,107.62,61.6,46615,0.0,0,10032,0,0,9,0
13,3,0,-0.22,0.012,False,0,sample3,PAW72062,-2.05,0.378,12,0,0,-2.102,0.371,-1.616,-1.483,-1.372,-30,-40,-50,-161.828,-2.126,0.365,0,zero,0,0,0,,,0,12.658,1,13,-177,6,0,0,,,0,0.0,0,0,0,0,0,55275
13,4,0,,,False,0,sample3,PAW72062,,,12,0,0,,,,,,-30,-40,-50,,,,0,saturated,0,0,0,,,0,12.658,1,13,-177,6,0,0,,,0,0.0,0,0,0,0,0,0
14,1,0,,,False,0,sample3,PAW72062,,,12,0,0,,,,,,-30,-40,-50,,,,0,saturated,0,0,0,,,0,12.658,1,13,-177,6,0,0,,,0,0.0,0,0,0,0,0,0
14,2,2019,0.13,0.902,True,95,sample3,PAW72062,5.476,0.521,12,1,1,14.991,0.723,40.895,49.912,58.942,-30,-40,-50,15.318,4.827,0.47,0,single_pore,0,1078,3100,224.48,1.73,0,12.658,1,13,-177,6,17110,0,116.17,65.2,20302,0.0,0,10012,0,0,18917,0
14,3,0,,,False,0,sample3,PAW72062,,,12,0,0,,,,,,-30,-40,-50,,,,0,saturated,0,0,0,,,0,12.658,1,13,-177,6,0,0,,,0,0.0,0,0,0,0,0,0
14,4,0,1.25,1.917,False,0,sample3,PAW72062,8.993,0.608,12,0,0,27.612,0.764,79.134,98.245,117.481,-30,-40,-50,11.262,7.207,0.549,0,saturated,0,0,2234,,,0,12.658,1,13,-177,6,0,0,,,0,0.0,0,0,0,0,2550,0
15,1,0,,,False,0,sample3,PAW72062,,,12,0,0,,,,,,-30,-40,-50,,,,0,saturated,0,0,0,,,0,12.658,1,13,-177,6,0,0,,,0,0.0,0,0,0,0,0,0
15,2,0,-34.32,1.802,False,0,sample3,PAW72062,9.626,0.588,12,0,0,28.181,1.025,81.072,100.804,117.104,-30,-40,-50,15.151,7.701,0.578,8948,saturated,0,394,21396,250.16,1.76,0,12.658,1,13,-177,6,0,0,,,0,0.0,0,0,0,0,25386,0
15,3,0,-11.21,1.423,False,0,sample3,PAW72062,7.065,0.576,12,0,0,22.726,0.781,63.624,78.411,92.077,-30,-40,-50,14.825,5.876,0.551,0,saturated,0,3801,51384,201.5,1.73,0,12.658,1,13,-177,6,0,0,,,0,0.0,0,0,0,0,143,0
15,4,3354,14.39,1.03,False,43,sample3,PAW72062,6.286,0.509,12,1,1,16.62,0.768,45.753,55.331,66.348,-30,-40,-50,14.11,5.374,0.585,0,single_pore,0,160,2275,241.65,0.87,0,12.658,1,13,-177,6,46305,0,119.26,59.9,49862,0.0,0,288,0,0,5558,0
16,1,0,4.76,1.344,False,87,sample3,PAW72062,7.114,0.984,12,0,0,17.565,1.67,52.727,65.93,79.609,-30,-40,-50,9.164,5.285,0.472,118,multiple,0,3405,711,217.48,1.14,0,12.658,1,13,-177,6,50081,0,109.81,62.8,0,0.0,0,5025,0,0,43,0
16,2,0,-2.19,0.872,True,49,sample3,PAW72062,6.007,0.428,12,1,1,15.097,0.582,39.108,47.942,56.557,-30,-40,-50,14.864,5.468,0.451,0,single_pore,0,2908,214,214.6,0.96,0,12.658,1,13,-177,6,51658,0,107.69,58.9,54615,0.0,0,0,0,0,172,0
16,3,0,5.08,0.916,True,0,sample3,PAW72062,5.614,0.434,12,2,1,14.694,0.506,39.016,47.922,57.336,-30,-40,-50,12.488,4.959,0.471,0,single_pore,0,681,19,214.38,1.02,0,12.658,1,13,-177,6,57154,0,98.55,62.0,57835,0.0,0,0,0,0,0,0
16,4,4776,-8.3,1.263,False,2794,sample3,PAW72062,6.694,0.677,12,0,0,19.028,0.728,52.671,65.712,77.923,-30,-40,-50,11.807,5.795,0.421,0,other,0,569,43487,190.46,1.78,0,12.658,1,13,-177,6,0,0,,,8139,0.0,0,0,0,0,3797,0
17,1,0,,,False,0,sample3,PAW72062,,,12,0,0,,,,,,-30,-40,-50,,,,0,saturated,0,0,0,,,0,12.658,1,13,-177,6,0,0,,,0,0.0,0,0,0,0,0,0
17,2,0,5.57,1.806,False,0,sample3,PAW72062,12.002,0.761,12,0,0,30.701,1.0,79.301,97.081,115.418,-30,-40,-50,13.858,10.568,0.803,0,unavailable,0,0,81,,,0,12.658,1,13,-177,6,0,0,,,0,0.0,0,47351,0,0,5000,0
17,3,0,4.22,0.903,True,0,sample3,PAW72062,5.547,0.474,12,1,1,14.438,0.634,38.46,47.282,56.526,-30,-40,-50,12.49,4.814,0.539,0,single_pore,0,0,87,,,0,12.658,1,13,-177,6,54459,0,106.44,60.6,54459,0.0,0,0,0,0,0,0
17,4,0,,,False,0,sample3,PAW72062,,,12,0,0,,,,,,-30,-40,-50,,,,0,saturated,0,0,0,,,0,12.658,1,13,-177,6,0,0,,,0,0.0,0,0,0,0,0,0
18,1,0,,,False,0,sample3,PAW72062,,,12,0,0,,,,,,-30,-40,-50,,,,0,saturated,0,0,0,,,0,12.658,1,13,-177,6,0,0,,,0,0.0,0,0,0,0,0,0
18,2,0,4.61,0.902,True,0,sample3,PAW72062,6.037,0.565,12,2,1,14.965,0.61,39.06,47.851,57.103,-30,-40,-50,13.2,5.377,0.518,0,single_pore,0,0,0,,,0,12.658,1,13,-177,6,55049,0,108.0,59.2,55049,0.0,0,0,0,0,0,0
18,3,733,1.64,0.854,True,24,sample3,PAW72062,5.718,0.62,12,1,1,14.388,0.66,37.8,46.259,54.882,-30,-40,-50,14.223,4.863,0.61,0,single_pore,0,1751,26,215.85,1.03,0,12.658,1,13,-177,6,50767,0,108.94,63.5,53275,0.0,0,0,0,0,183,0
18,4,0,2.86,0.907,True,0,sample3,PAW72062,5.904,0.539,12,3,1,14.602,0.869,39.087,48.019,57.237,-30,-40,-50,13.014,5.184,0.574,0,single_pore,0,0,96,,,0,12.658,1,13,-177,6,57383,0,104.92,53.5,57383,0.0,0,0,0,0,0,0
19,1,0,5.97,0.907,True,0,sample3,PAW72062,6.116,0.405,12,1,1,15.124,0.459,39.401,48.177,57.55,-30,-40,-50,13.291,5.386,0.436,0,single_pore,0,0,0,,,0,12.658,1,13,-177,6,52440,0,106.88,60.5,52440,0.0,0,0,0,0,0,0
19,2,4080,6.52,0.907,True,261,sample3,PAW72062,6.134,0.45,12,2,1,15.216,0.513,39.371,48.114,57.509,-30,-40,-50,13.27,5.446,0.514,0,single_pore,0,8598,234,216.43,0.87,0,12.658,1,13,-177,6,45043,0,108.87,61.0,57982,0.0,0,0,0,0,2559,0
19,3,1957,3.8,0.911,True,104,sample3,PAW72062,5.602,0.508,12,3,1,14.572,0.645,38.718,47.636,56.934,-30,-40,-50,12.433,4.896,0.507,0,single_pore,0,5490,702,215.16,0.86,0,12.658,1,13,-177,6,35034,0,99.08,59.4,42585,0.0,0,10012,0,0,109,480
19,4,101,-13.86,1.105,False,1351,sample3,PAW72062,8.835,0.613,12,0,0,22.023,0.865,56.63,68.375,78.734,-30,-40,-50,21.368,8.197,0.724,0,other,0,256,53700,202.46,3.12,0,12.658,1,13,-177,6,0,0,,,1708,0.0,0,0,0,0,724,0
20,1,428,1.24,0.903,True,8,sample3,PAW72062,5.948,0.61,12,2,1,14.869,0.724,38.858,47.829,56.924,-30,-40,-50,12.994,5.115,0.677,0,single_pore,0,385,7,214.42,0.87,0,12.658,1,13,-177,6,56553,0,105.01,59.7,57374,0.0,0,0,0,0,0,0
20,2,1955,3.18,0.897,True,267,sample3,PAW72062,5.991,0.589,12,1,1,14.991,0.574,38.878,47.693,56.826,-30,-40,-50,13.258,5.243,0.645,0,single_pore,0,6830,193,213.1,0.97,0,12.658,1,13,-177,6,45040,0,97.2,63.5,54092,0.0,0,0,0,0,3596,0
20,3,0,5.34,0.898,True,45,sample3,PAW72062,5.492,0.668,12,3,1,14.547,0.597,38.418,47.132,56.38,-30,-40,-50,12.662,4.61,0.534,0,single_pore,0,627,110,212.87,0.97,0,12.658,1,13,-177,6,56031,0,103.95,63.5,56703,0.0,0,0,0,0,0,0
20,4,0,,,False,0,sample3,PAW72062,,,12,0,0,,,,,,-30,-40,-50,,,,0,saturated,0,0,0,,,0,12.658,1,13,-177,6,0,0,,,0,0.0,0,0,0,0,0,0
21,1,0,0.05,0.0,False,0,sample3,PAW72062,0.044,0.265,12,0,0,0.042,0.267,0.008,0.01,0.017,-30,-40,-50,-16.493,0.049,0.267,0,zero,0,0,0,,,0,12.658,1,13,-177,6,0,0,,,0,0.0,0,0,0,0,0,55369
21,2,0,0.06,0.0,False,0,sample3,PAW72062,0.049,0.275,12,0,0,0.03,0.287,0.04,0.04,0.046,-30,-40,-50,65.0,0.058,0.265,0,zero,0,0,0,,,0,12.658,1,13,-177,6,0,0,,,0,0.0,0,0,0,0,0,55197
21,3,0,-0.38,0.001,False,0,sample3,PAW72062,-0.326,0.364,12,0,0,-0.343,0.367,-0.346,-0.338,-0.368,-30,-40,-50,119.834,-0.295,0.362,0,zero,0,0,0,,,0,12.658,1,13,-177,6,0,0,,,0,0.0,0,0,0,0,0,55199
21,4,0,-0.18,0.0,False,0,sample3,PAW72062,-0.153,0.341,12,0,0,-0.218,0.352,-0.236,-0.223,-0.228,-30,-40,-50,-253.023,-0.159,0.341,0,zero,0,0,0,,,0,12.658,1,13,-177,6,0,0,,,0,0.0,0,0,0,0,0,55221
22,1,0,-0.52,0.002,False,0,sample3,PAW72062,-0.115,0.611,12,0,0,-0.052,0.603,-0.099,-0.09,-0.133,-30,-40,-50,-4.524,-0.047,0.6,0,zero,0,0,0,,,0,12.658,1,13,-177,6,0,0,,,0,0.0,0,0,0,0,0,55221
22,2,0,0.21,0.0,False,0,sample3,PAW72062,-0.085,0.602,12,0,0,-0.051,0.594,-0.039,-0.05,-0.04,-30,-40,-50,-34.189,-0.035,0.593,0,zero,0,0,0,,,0,12.658,1,13,-177,6,0,0,,,0,0.0,0,0,0,0,0,55405
22,3,0,-0.35,0.0,False,0,sample3,PAW72062,-0.701,0.638,12,0,0,-0.629,0.644,-0.638,-0.616,-0.629,-30,-40,-50,-270.886,-0.596,0.633,0,zero,0,0,0,,,0,12.658,1,13,-177,6,0,0,,,0,0.0,0,0,0,0,0,55250
22,4,0,-0.12,0.002,False,0,sample3,PAW72062,-0.427,0.624,12,0,0,-0.368,0.627,-0.372,-0.386,-0.412,-30,-40,-50,149.32,-0.276,0.614,0,zero,0,0,0,,,0,12.658,1,13,-177,6,0,0,,,0,0.0,0,0,0,0,0,55182
23,1,0,0.06,0.005,False,0,sample3,PAW72062,-0.652,0.335,12,0,0,-0.602,0.313,-0.414,-0.363,-0.306,-30,-40,-50,-106.783,-0.663,0.332,0,zero,0,0,0,,,0,12.658,1,13,-177,6,0,0,,,0,0.0,0,0,0,0,0,55231
23,2,0,3.91,0.932,True,0,sample3,PAW72062,6.85,0.797,12,1,1,16.36,0.69,41.311,50.439,59.958,-30,-40,-50,14.231,6.04,0.78,0,single_pore,0,0,38,,,0,12.658,1,13,-177,6,56809,0,116.61,63.8,56809,0.0,0,0,0,0,247,0
23,3,0,0.02,0.026,False,0,sample3,PAW72062,-2.413,0.467,12,0,0,-2.438,0.468,-1.582,-1.326,-1.068,-30,-40,-50,-91.569,-2.496,0.477,0,zero,0,0,0,,,0,12.658,1,13,-177,6,0,0,,,0,0.0,0,0,0,0,0,55225
23,4,0,,,False,0,sample3,PAW72062,,,12,0,0,,,,,,-30,-40,-50,,,,0,saturated,0,0,0,,,0,12.658,1,13,-177,6,0,0,,,0,0.0,0,0,0,0,0,0
24,1,0,-20.25,1.688,False,0,sample3,PAW72062,7.768,0.721,12,0,0,25.149,0.987,68.777,86.668,102.534,-30,-40,-50,10.887,6.52,0.779,2692,multiple,0,209,37213,244.0,4.11,0,12.658,1,13,-177,6,0,0,,,0,0.0,0,0,0,0,16026,0
24,2,16875,-0.04,0.983,True,43,sample3,PAW72062,5.569,0.52,12,1,1,15.693,0.692,42.43,52.259,62.084,-30,-40,-50,13.178,4.847,0.554,0,single_pore,0,432,872,235.77,1.03,0,12.658,1,13,-177,6,34061,0,98.92,73.8,51411,0.0,0,0,0,0,6017,0
24,3,661,3.09,0.903,True,3,sample3,PAW72062,5.178,0.564,12,2,1,14.021,0.635,38.232,47.107,56.291,-30,-40,-50,12.279,4.518,0.517,0,single_pore,0,2651,165,216.81,1.12,0,12.658,1,13,-177,6,54429,0,105.93,62.0,57744,0.0,0,0,0,0,0,0
24,4,0,,,False,0,sample3,PAW72062,,,12,0,0,,,,,,-30,-40,-50,,,,0,saturated,0,0,0,,,0,12.658,1,13,-177,6,0,0,,,0,0.0,0,0,0,0,0,0
25,1,455,1.68,0.91,True,36,sample3,PAW72062,6.556,0.638,12,1,1,15.683,0.754,39.781,48.796,57.979,-30,-40,-50,13.688,5.619,0.625,0,single_pore,0,2068,21,217.5,1.08,0,12.658,1,13,-177,6,55070,0,111.07,62.5,57629,0.0,0,0,0,0,0,0
25,2,0,,,False,0,sample3,PAW72062,,,12,0,0,,,,,,-30,-40,-50,,,,0,saturated,0,0,0,,,0,12.658,1,13,-177,6,0,0,,,0,0.0,0,0,0,0,0,0
25,3,719,6.34,0.897,True,50,sample3,PAW72062,5.545,0.591,12,2,1,14.572,0.603,38.391,47.049,56.341,-30,-40,-50,12.636,4.878,0.511,0,single_pore,0,3349,0,212.95,1.0,0,12.658,1,13,-177,6,50229,0,106.16,61.7,54347,0.0,0,0,0,0,0,0
25,4,5225,12.97,1.137,False,2427,sample3,PAW72062,4.576,0.799,12,0,0,15.836,1.137,44.587,55.304,67.318,-30,-40,-50,8.987,4.173,0.649,0,other,0,962,41881,178.42,1.68,0,12.658,1,13,-177,6,0,0,,,8614,0.0,0,0,0,0,5048,0
26,1,0,0.96,0.893,True,0,sample3,PAW72062,5.384,0.647,12,1,1,14.298,0.703,38.18,47.057,56.03,-30,-40,-50,12.76,4.468,0.624,0,single_pore,0,0,0,,,0,12.658,1,13,-177,6,55056,0,102.22,62.4,55056,0.0,0,0,0,0,0,0
26,2,0,,,False,0,sample3,PAW72062,,,12,0,0,,,,,,-30,-40,-50,,,,0,saturated,0,0,0,,,0,12.658,1,13,-177,6,0,0,,,0,0.0,0,0,0,0,0,0
26,3,914,5.24,0.898,True,28,sample3,PAW72062,4.632,0.673,12,3,1,13.632,0.653,37.563,46.282,55.525,-30,-40,-50,11.713,3.904,0.468,0,single_pore,0,2538,45,213.84,0.97,0,12.658,1,13,-177,6,55048,0,107.71,63.2,58528,0.0,0,0,0,0,0,0
26,4,2428,4.37,0.892,True,14,sample3,PAW72062,5.079,0.639,12,2,1,13.86,0.737,37.882,46.583,55.721,-30,-40,-50,12.379,4.172,0.508,0,single_pore,0,4118,109,212.51,0.97,0,12.658,1,13,-177,6,50057,0,104.43,64.5,56617,0.0,0,0,0,0,77,0
27,1,0,,,False,0,sample3,PAW72062,,,12,0,0,,,,,,-30,-40,-50,,,,0,saturated,0,0,0,,,0,12.658,1,13,-177,6,0,0,,,0,0.0,0,0,0,0,0,0
27,2,0,3.16,0.901,True,0,sample3,PAW72062,6.088,0.552,12,1,1,14.936,0.489,38.958,47.814,56.986,-30,-40,-50,13.156,5.46,0.423,0,single_pore,0,0,0,,,0,12.658,1,13,-177,6,55052,0,103.37,60.5,55052,0.0,0,0,0,0,0,0
27,3,0,3.75,0.905,True,38,sample3,PAW72062,5.551,0.509,12,3,1,14.416,0.731,38.538,47.404,56.645,-30,-40,-50,12.49,4.724,0.644,0,single_pore,0,1468,83,216.23,1.11,0,12.658,1,13,-177,6,54238,0,109.37,61.1,55744,0.0,0,0,0,0,0,0
27,4,1424,3.99,0.911,True,140,sample3,PAW72062,5.457,0.561,12,2,1,14.755,0.499,39.052,47.966,57.279,-30,-40,-50,12.769,5.292,0.471,0,single_pore,0,1735,165,215.73,1.12,0,12.658,1,13,-177,6,51152,0,104.85,62.1,54451,0.0,0,0,0,0,0,0
28,1,0,-32.61,0.377,False,66,sample3,PAW72062,2.097,0.439,12,0,0,5.855,1.157,18.041,23.443,25.584,-30,-40,-50,15.8,1.904,0.55,0,unavailable,0,0,632,,,0,12.658,1,13,-177,6,0,0,,,66,0.0,0,32841,0,0,24214,0
28,2,0,40.46,0.889,True,0,sample3,PAW72062,5.596,0.53,12,3,1,14.37,0.694,38.313,45.182,56.097,-30,-40,-50,11.441,4.882,0.509,0,single_pore,0,1887,5,213.0,0.89,0,12.658,1,13,-177,6,40352,0,101.64,60.5,42239,0.0,0,10022,0,0,0,0
28,3,0,5.05,0.905,True,0,sample3,PAW72062,-0.177,0.47,12,2,1,13.975,0.584,37.932,46.732,56.037,-30,-40,-50,11.796,4.418,0.498,0,single_pore,0,0,0,,,0,12.658,1,13,-177,6,55065,0,103.32,62.8,55065,0.0,0,0,0,0,0,0
28,4,0,-4.67,0.872,True,0,sample3,PAW72062,5.553,0.592,12,1,1,14.027,1.061,38.843,47.801,56.292,-30,-40,-50,14.598,4.933,0.52,0,single_pore,0,0,11,,,0,12.658,1,13,-177,6,53233,0,104.99,59.5,53233,0.0,0,0,0,0,0,0
29,1,0,-0.88,0.01,False,0,sample3,PAW72062,1.365,0.738,12,0,0,0.576,0.402,0.884,1.026,1.08,-30,-40,-50,55.297,0.424,0.411,0,zero,0,0,0,,,0,12.658,1,13,-177,6,0,0,,,0,0.0,0,10004,0,0,0,45034
29,2,0,,,False,0,sample3,PAW72062,,,12,0,0,,,,,,-30,-40,-50,,,,0,saturated,0,0,0,,,0,12.658,1,13,-177,6,0,0,,,0,0.0,0,0,0,0,0,0
29,3,0,2.84,0.897,True,0,sample3,PAW72062,0.333,0.413,12,2,1,14.423,0.684,38.412,47.244,56.36,-30,-40,-50,12.747,4.773,0.643,0,single_pore,0,740,55,213.96,0.79,0,12.658,1,13,-177,6,54759,0,103.7,61.5,55499,0.0,0,0,0,0,0,0
29,4,0,2.79,0.896,True,0,sample3,PAW72062,5.938,0.55,12,1,1,14.728,0.74,38.958,47.781,56.883,-30,-40,-50,13.412,5.257,0.579,0,single_pore,0,0,0,,,0,12.658,1,13,-177,6,55067,0,106.02,62.2,55067,0.0,0,0,0,0,0,0
30,1,1640,2.98,0.896,True,101,sample3,PAW72062,5.635,0.478,12,1,1,14.457,0.638,38.536,47.343,56.448,-30,-40,-50,12.968,5.02,0.476,0,single_pore,0,4564,328,215.3,1.0,0,12.658,1,13,-177,6,53203,0,106.16,61.9,59508,0.0,0,0,0,0,125,0
30,2,0,,,False,0,sample3,PAW72062,,,12,0,0,,,,,,-30,-40,-50,,,,0,saturated,0,0,0,,,0,12.658,1,13,-177,6,0,0,,,0,0.0,0,0,0,0,0,0
30,3,0,7.11,0.905,True,0,sample3,PAW72062,5.084,0.587,12,2,1,14.088,0.71,38.171,46.864,56.268,-30,-40,-50,12.027,4.4,0.616,0,single_pore,0,0,0,,,0,12.658,1,13,-177,6,55066,0,103.89,58.0,55066,0.0,0,0,0,0,0,0
30,4,0,,,False,0,sample3,PAW72062,,,12,0,0,,,,,,-30,-40,-50,,,,0,saturated,0,0,0,,,0,12.658,1,13,-177,6,0,0,,,0,0.0,0,0,0,0,0,0
31,1,0,0.13,0.001,False,0,sample3,PAW72062,-0.038,0.472,12,0,0,-0.006,0.472,-0.035,-0.035,-0.022,-30,-40,-50,-75.385,0.007,0.473,0,zero,0,0,0,,,0,12.658,1,13,-177,6,0,0,,,0,0.0,0,0,0,0,0,55230
31,2,0,0.3,0.003,False,0,sample3,PAW72062,-0.07,0.486,12,0,0,-0.027,0.479,-0.012,-0.057,-0.072,-30,-40,-50,-25.538,-0.033,0.475,0,zero,0,0,0,,,0,12.658,1,13,-177,6,0,0,,,0,0.0,0,0,0,0,0,55203
31,3,0,0.07,0.003,False,0,sample3,PAW72062,-0.591,0.434,12,0,0,-0.572,0.448,-0.548,-0.524,-0.493,-30,-40,-50,-228.678,-0.515,0.457,0,zero,0,0,0,,,0,12.658,1,13,-177,6,0,0,,,0,0.0,0,0,0,0,0,55099
31,4,0,0.44,0.002,False,0,sample3,PAW72062,-0.409,0.47,12,0,0,-0.379,0.472,-0.353,-0.394,-0.391,-30,-40,-50,97.983,-0.356,0.48,0,zero,0,0,0,,,0,12.658,1,13,-177,6,0,0,,,0,0.0,0,0,0,0,0,55254
32,1,0,-0.35,0.002,False,0,sample3,PAW72062,-0.131,0.346,12,0,0,-0.106,0.345,-0.157,-0.159,-0.196,-30,-40,-50,28.998,-0.139,0.351,0,zero,0,0,0,,,0,12.658,1,13,-177,6,0,0,,,0,0.0,0,0,0,0,0,55103
32,2,0,0.13,0.001,False,0,sample3,PAW72062,-0.106,0.348,12,0,0,-0.082,0.355,-0.061,-0.076,-0.078,-30,-40,-50,30.56,-0.114,0.335,0,zero,0,0,0,,,0,12.658,1,13,-177,6,0,0,,,0,0.0,0,0,0,0,0,55257
32,3,0,0.27,0.0,False,0,sample3,PAW72062,-0.505,0.356,12,0,0,-0.519,0.357,-0.567,-0.583,-0.572,-30,-40,-50,174.179,-0.533,0.35,0,zero,0,0,0,,,0,12.658,1,13,-177,6,0,0,,,0,0.0,0,0,0,0,0,55203
32,4,0,0.2,0.001,False,0,sample3,PAW72062,-0.323,0.327,12,0,0,-0.299,0.329,-0.327,-0.346,-0.345,-30,-40,-50,227.114,-0.334,0.333,0,zero,0,0,0,,,0,12.658,1,13,-177,6,0,0,,,0,0.0,0,0,0,0,0,55375
33,1,0,-0.09,0.011,False,0,sample3,PAW72062,-0.865,0.565,12,0,0,-0.858,0.57,-0.598,-0.482,-0.375,-30,-40,-50,-83.474,-0.939,0.556,0,zero,0,0,0,,,0,12.658,1,13,-177,6,0,0,,,0,0.0,0,0,0,0,0,55278
33,2,0,8.06,1.474,False,0,sample3,PAW72062,6.452,0.565,12,0,0,22.506,0.633,65.313,79.646,94.785,-30,-40,-50,14.217,5.081,0.638,226,multiple,0,826,51129,200.12,2.02,0,12.658,1,13,-177,6,0,0,,,0,0.0,0,0,0,0,3898,0
33,3,0,0.22,0.005,False,0,sample3,PAW72062,-1.326,0.389,12,0,0,-1.372,0.357,-1.219,-1.179,-1.117,-30,-40,-50,-266.23,-1.378,0.353,0,zero,0,0,0,,,0,12.658,1,13,-177,6,0,0,,,0,0.0,0,0,0,0,0,55208
33,4,0,7.51,0.885,True,0,sample3,PAW72062,5.106,0.653,12,0,0,13.967,0.639,37.954,46.433,55.663,-30,-40,-50,12.691,4.406,0.403,0,unavailable,0,441,0,211.15,0.98,0,12.658,1,13,-177,6,0,0,,,441,0.0,0,38848,0,0,0,195
34,1,2228,1.35,0.882,True,27,sample3,PAW72062,5.324,0.624,12,1,1,13.839,0.745,37.391,46.144,55.032,-30,-40,-50,12.364,4.518,0.579,0,single_pore,0,4680,995,207.89,1.0,0,12.658,1,13,-177,6,31340,0,104.7,61.3,38275,0.0,0,16678,0,0,88,315
34,2,0,15.48,1.804,False,0,sample3,PAW72062,7.273,0.506,12,0,0,26.127,0.803,77.126,94.389,113.2,-30,-40,-50,12.585,5.682,0.632,9606,saturated,0,361,20582,248.38,1.93,0,12.658,1,13,-177,6,0,0,,,0,0.0,0,0,0,0,25584,0
34,3,0,3.83,0.905,True,0,sample3,PAW72062,4.858,0.558,12,2,1,13.572,0.576,37.468,46.324,55.563,-30,-40,-50,11.334,4.161,0.512,0,single_pore,0,0,0,,,0,12.658,1,13,-177,6,60077,0,101.73,60.9,60077,0.0,0,0,0,0,0,0
34,4,0,6.44,0.057,False,0,sample3,PAW72062,1.622,0.956,12,0,0,3.616,1.836,2.185,2.431,3.321,-30,-40,-50,2.072,0.26,0.416,0,unavailable,0,0,0,,,0,12.658,1,13,-177,6,0,0,,,0,0.0,0,29837,0,0,0,12675
35,1,773,3.05,0.9,True,62,sample3,PAW72062,5.807,0.639,12,3,1,14.83,0.714,38.742,47.587,56.737,-30,-40,-50,12.997,5.065,0.428,0,single_pore,0,4601,3,215.02,0.96,0,12.658,1,13,-177,6,35020,0,106.68,65.3,40456,0.0,0,14204,0,0,0,0
35,2,2399,3.44,0.924,True,80,sample3,PAW72062,6.503,0.72,12,1,1,15.794,0.694,40.097,49.167,58.581,-30,-40,-50,13.317,5.669,0.701,0,single_pore,0,3201,1190,216.55,1.04,0,12.658,1,13,-177,6,50074,0,109.06,59.3,55754,0.0,0,0,0,0,1080,0
35,3,0,,,False,0,sample3,PAW72062,,,12,0,0,,,,,,-30,-40,-50,,,,0,saturated,0,0,0,,,0,12.658,1,13,-177,6,0,0,,,0,0.0,0,0,0,0,0,0
35,4,0,6.64,0.901,True,0,sample3,PAW72062,5.636,0.606,12,2,1,14.72,0.645,38.953,47.628,56.967,-30,-40,-50,13.101,4.997,0.406,0,single_pore,0,241,6,213.23,2.26,0,12.658,1,13,-177,6,57397,0,106.11,62.4,57638,0.0,0,0,0,0,0,0
36,1,0,6.63,0.911,True,0,sample3,PAW72062,5.96,0.491,12,2,1,14.907,0.605,38.992,47.768,57.207,-30,-40,-50,12.668,5.258,0.519,0,single_pore,0,737,14,216.32,0.97,0,12.658,1,13,-177,6,54041,0,106.44,61.4,54778,0.0,0,0,0,0,0,0
36,2,1700,6.83,0.877,True,158,sample3,PAW72062,5.394,0.763,12,1,1,14.266,1.06,37.763,46.192,55.304,-30,-40,-50,12.9,4.766,0.754,0,single_pore,0,6266,1863,212.75,1.2,0,12.658,1,13,-177,6,42696,0,109.01,64.4,50820,0.0,0,0,0,0,843,543
36,3,0,3.35,0.907,True,9,sample3,PAW72062,0.246,0.405,12,3,1,14.464,0.588,38.357,47.255,56.488,-30,-40,-50,12.243,4.813,0.539,0,single_pore,0,813,0,215.93,0.87,0,12.658,1,13,-177,6,55043,0,103.45,62.4,55865,0.0,0,0,0,0,0,0
36,4,0,7.11,0.311,False,0,sample3,PAW72062,2.79,0.46,12,0,0,4.829,1.388,12.687,15.438,18.9,-30,-40,-50,10.239,2.234,0.651,0,unavailable,0,0,0,,,0,12.658,1,13,-177,6,0,0,,,0,0.0,0,44631,0,0,0,0
37,1,782,8.46,1.808,False,981,sample3,PAW72062,12.348,0.613,12,0,0,30.056,0.765,77.951,95.61,114.115,-30,-40,-50,13.022,10.711,0.518,2638,multiple,0,1421,46000,231.05,1.39,0,12.658,1,13,-177,6,0,0,,,0,0.0,0,0,0,0,4331,0
37,2,3633,3.66,0.688,True,67,sample3,PAW72062,5.246,0.781,12,0,0,13.525,1.158,35.754,42.453,49.518,-30,-40,-50,21.85,4.614,0.622,0,unavailable,0,2681,1282,213.29,1.19,0,12.658,1,13,-177,6,0,5002,,,6381,0.0,0,36134,0,0,908,859
37,3,0,-0.3,0.009,False,0,sample3,PAW72062,-0.247,0.574,12,0,0,-0.14,0.565,0.19,0.298,0.376,-30,-40,-50,-9.298,-0.248,0.584,0,zero,0,0,0,,,0,12.658,1,13,-177,6,0,0,,,0,0.0,0,0,0,0,0,55194
37,4,3946,-3.78,0.949,True,3,sample3,PAW72062,6.263,0.571,12,1,1,15.069,0.746,38.776,48.451,57.748,-30,-40,-50,10.937,5.446,0.634,0,single_pore,0,2717,0,218.36,1.05,0,12.658,1,13,-177,6,50388,0,113.09,59.7,57054,0.0,0,0,0,0,0,0
38,1,0,,,False,0,sample3,PAW72062,,,12,0,0,,,,,,-30,-40,-50,,,,0,saturated,0,0,0,,,0,12.658,1,13,-177,6,0,0,,,0,0.0,0,0,0,0,0,0
38,2,0,2.76,0.915,True,225,sample3,PAW72062,5.69,0.641,12,2,1,14.744,0.734,38.861,47.877,57.169,-30,-40,-50,12.398,4.973,0.664,0,single_pore,0,3723,269,218.93,1.01,0,12.658,1,13,-177,6,55190,0,105.13,61.6,59138,0.0,0,0,0,0,0,0
38,3,2002,1.37,0.892,True,36,sample3,PAW72062,5.236,0.601,12,1,1,14.081,0.617,37.865,46.719,55.71,-30,-40,-50,12.411,4.537,0.582,0,single_pore,0,1389,43,213.14,1.01,0,12.658,1,13,-177,6,49698,0,106.55,60.1,53125,0.0,0,0,0,0,497,350
38,4,467,3.75,0.894,True,68,sample3,PAW72062,5.268,0.764,12,3,1,13.901,1.047,37.716,46.471,55.601,-30,-40,-50,12.099,4.68,0.718,0,single_pore,0,4471,91,214.1,1.1,0,12.658,1,13,-177,6,51340,0,99.4,62.6,56346,0.0,0,0,0,0,152,0
39,1,0,5.92,0.906,True,39,sample3,PAW72062,5.754,0.526,12,2,1,14.633,0.687,38.699,47.467,56.827,-30,-40,-50,12.568,4.955,0.608,0,single_pore,0,1337,4,214.54,1.1,0,12.658,1,13,-177,6,48968,0,105.98,64.2,50344,0.0,0,5002,0,0,0,0
39,2,0,8.64,0.923,True,0,sample3,PAW72062,6.026,0.539,12,4,1,15.058,0.776,38.723,47.524,57.189,-30,-40,-50,11.746,5.303,0.6,0,single_pore,0,0,0,,,0,12.658,1,13,-177,6,55059,0,104.68,62.4,55059,0.0,0,0,0,0,0,0
39,3,0,4.99,0.904,True,44,sample3,PAW72062,5.332,0.532,12,3,1,14.212,0.685,38.119,46.905,56.19,-30,-40,-50,12.083,4.507,0.527,0,single_pore,0,2166,202,214.45,0.98,0,12.658,1,13,-177,6,52000,0,105.54,63.7,54210,0.0,0,0,0,0,0,0
39,4,0,0.63,0.897,True,50,sample3,PAW72062,5.583,0.546,12,1,1,14.45,0.743,38.537,47.475,56.476,-30,-40,-50,12.953,4.916,0.544,0,single_pore,0,3663,48,215.48,0.92,0,12.658,1,13,-177,6,48695,0,105.04,58.8,52408,0.0,0,0,0,0,0,0
40,1,2334,2.59,0.902,True,85,sample3,PAW72062,5.63,0.48,12,1,1,14.417,0.869,38.645,47.531,56.676,-30,-40,-50,12.814,4.926,0.506,0,single_pore,0,6140,109,215.06,0.94,0,12.658,1,13,-177,6,45103,0,105.06,64.7,53662,0.0,0,5507,0,0,0,0
40,2,0,23.48,2.965,False,0,sample3,PAW72062,19.512,0.778,12,0,0,53.7,1.086,136.552,165.023,195.842,-30,-40,-50,15.901,15.992,0.808,0,saturated,0,0,0,,,0,12.658,1,13,-177,6,0,0,,,0,0.0,0,0,0,0,0,0
40,3,3449,4.71,0.903,True,71,sample3,PAW72062,5.196,0.562,12,2,1,14.051,0.798,38.181,46.979,56.248,-30,-40,-50,12.167,4.529,0.512,0,single_pore,0,4133,406,215.69,1.05,0,12.658,1,13,-177,6,47513,0,72.55,76.4,55166,0.0,0,0,0,0,0,70
40,4,0,-9.23,0.552,True,0,sample3,PAW72062,4.091,0.587,12,0,0,11.678,0.685,30.363,36.348,41.41,-30,-40,-50,25.098,3.354,0.615,0,unavailable,0,0,0,,,0,12.658,1,13,-177,6,0,35011,,,0,0.0,0,20213,0,0,0,0
41,1,0,-0.19,0.001,False,0,sample3,PAW72062,-0.05,0.37,12,0,0,-0.055,0.364,-0.091,-0.075,-0.078,-30,-40,-50,-113.088,-0.044,0.37,0,zero,0,0,0,,,0,12.658,1,13,-177,6,0,0,,,0,0.0,0,0,0,0,0,55289
41,2,0,-0.19,0.001,False,0,sample3,PAW72062,-0.081,0.367,12,0,0,-0.08,0.374,-0.042,-0.04,-0.057,-30,-40,-50,0.251,-0.047,0.379,0,zero,0,0,0,,,0,12.658,1,13,-177,6,0,0,,,0,0.0,0,0,0,0,0,55372
41,3,0,-0.43,0.001,False,0,sample3,PAW72062,-0.43,0.412,12,0,0,-0.415,0.403,-0.429,-0.414,-0.442,-30,-40,-50,101.808,-0.384,0.527,0,zero,0,0,0,,,0,12.658,1,13,-177,6,0,0,,,0,0.0,0,0,0,0,0,55334
41,4,0,-0.6,0.001,False,0,sample3,PAW72062,-0.282,0.378,12,0,0,-0.324,0.399,-0.328,-0.29,-0.312,-30,-40,-50,-108.132,-0.289,0.381,0,zero,0,0,0,,,0,12.658,1,13,-177,6,0,0,,,0,0.0,0,0,0,0,0,55368
42,1,0,-0.18,0.001,False,0,sample3,PAW72062,0.023,0.343,12,0,0,0.025,0.342,-0.029,-0.029,-0.047,-30,-40,-50,-10.833,0.017,0.349,0,zero,0,0,0,,,0,12.658,1,13,-177,6,0,0,,,0,0.0,0,0,0,0,0,55042
42,2,0,0.33,0.001,False,0,sample3,PAW72062,0.019,0.351,12,0,0,0.039,0.342,0.033,0.025,0.05,-30,-40,-50,-21.227,0.034,0.339,0,zero,0,0,0,,,0,12.658,1,13,-177,6,0,0,,,0,0.0,0,0,0,0,0,55287
42,3,0,-0.18,0.0,False,0,sample3,PAW72062,-0.476,0.357,12,0,0,-0.458,0.349,-0.476,-0.465,-0.472,-30,-40,-50,-343.871,-0.435,0.352,0,zero,0,0,0,,,0,12.658,1,13,-177,6,0,0,,,0,0.0,0,0,0,0,0,55168
42,4,0,-0.18,0.001,False,0,sample3,PAW72062,-0.227,0.372,12,0,0,-0.221,0.373,-0.167,-0.148,-0.147,-30,-40,-50,-161.26,-0.225,0.365,0,zero,0,0,0,,,0,12.658,1,13,-177,6,0,0,,,0,0.0,0,0,0,0,0,55183
43,1,0,0.06,0.009,False,0,sample3,PAW72062,-0.898,0.654,12,0,0,-0.812,0.642,-0.49,-0.407,-0.318,-30,-40,-50,-87.074,-0.965,0.664,0,zero,0,0,0,,,0,12.658,1,13,-177,6,0,0,,,0,0.0,0,0,0,0,0,55157
43,2,891,3.6,0.909,True,0,sample3,PAW72062,7.239,0.851,12,1,1,16.369,1.02,41.169,50.079,59.349,-30,-40,-50,15.217,6.513,0.839,0,single_pore,0,0,65,,,0,12.658,1,13,-177,6,52506,0,108.08,60.9,53397,0.0,0,0,0,0,0,0
43,3,0,0.33,0.024,False,0,sample3,PAW72062,-1.924,0.37,12,0,0,-1.87,0.395,-1.351,-1.131,-0.878,-30,-40,-50,-87.281,-1.939,0.389,0,zero,0,0,0,,,0,12.658,1,13,-177,6,0,0,,,0,0.0,0,0,0,0,0,55788
43,4,0,-32.77,2.354,False,0,sample3,PAW72062,13.379,0.798,12,0,0,38.17,1.114,103.642,128.823,150.727,-30,-40,-50,14.168,11.269,0.848,0,saturated,0,0,0,,,0,12.658,1,13,-177,6,0,0,,,0,0.0,0,0,0,0,0,0
44,1,1958,0.67,0.914,True,164,sample3,PAW72062,6.276,0.689,12,1,1,15.625,0.707,40.323,49.426,58.596,-30,-40,-50,14.122,5.587,0.58,0,single_pore,0,4225,1299,218.22,1.11,0,12.658,1,13,-177,6,46059,0,115.46,63.9,52406,0.0,0,0,0,0,324,0
44,2,865,7.15,0.906,True,76,sample3,PAW72062,5.877,0.444,12,2,1,14.863,0.676,39.041,47.745,57.164,-30,-40,-50,12.926,5.254,0.485,0,single_pore,0,8225,5,214.71,0.89,0,12.658,1,13,-177,6,48190,0,103.36,59.6,57356,0.0,0,0,0,0,0,0
44,3,0,4.57,0.897,True,10,sample3,PAW72062,5.466,0.482,12,3,1,14.306,0.625,38.152,46.895,56.095,-30,-40,-50,12.43,4.762,0.424,0,single_pore,0,2057,0,212.68,1.15,0,12.658,1,13,-177,6,55063,0,103.64,61.6,57130,0.0,0,0,0,0,1435,0
44,4,1259,2.51,0.966,True,0,sample3,PAW72062,6.866,1.061,12,4,1,14.867,0.809,40.282,49.814,59.597,-30,-40,-50,11.664,4.984,0.584,0,single_pore,0,2669,1843,244.29,1.65,0,12.658,1,13,-177,6,52220,0,126.72,61.1,56148,0.0,0,0,0,0,843,0
45,1,0,,,False,0,sample3,PAW72062,,,12,0,0,,,,,,-30,-40,-50,,,,0,saturated,0,0,0,,,0,12.658,1,13,-177,6,0,0,,,0,0.0,0,0,0,0,0,0
45,2,40,10.16,1.779,False,0,sample3,PAW72062,12.078,0.881,12,0,0,29.398,2.055,78.116,95.399,113.698,-30,-40,-50,13.798,10.858,0.884,18108,multiple,0,111,20887,267.51,2.3,0,12.658,1,13,-177,6,0,0,,,0,0.0,0,0,0,0,17018,0
45,3,545,4.4,0.903,True,23,sample3,PAW72062,5.597,0.521,12,1,1,14.457,0.646,38.437,47.249,56.501,-30,-40,-50,12.465,4.902,0.485,0,single_pore,0,2758,11,213.91,1.08,0,12.658,1,13,-177,6,50075,0,108.5,63.0,53401,0.0,0,0,0,0,0,0
45,4,0,-25.16,0.75,True,96,sample3,PAW72062,6.26,0.824,12,0,0,10.294,1.622,25.34,34.098,40.34,-30,-40,-50,3.934,3.897,0.982,0,reserved_pore,0,130,14223,185.96,1.94,0,12.658,1,13,-177,6,18401,0,115.33,61.0,18627,0.0,0,18404,0,0,1446,0
46,1,0,-0.8,0.01,False,0,sample3,PAW72062,0.327,0.438,12,0,0,0.436,0.505,0.705,0.842,0.899,-30,-40,-50,39.546,0.291,0.428,0,zero,0,0,0,,,0,12.658,1,13,-177,6,0,0,,,0,0.0,0,0,0,0,0,55237
46,2,0,0.42,0.011,False,0,sample3,PAW72062,0.282,0.423,12,0,0,0.377,0.456,0.735,0.822,0.951,-30,-40,-50,36.444,0.267,0.408,0,zero,0,0,0,,,0,12.658,1,13,-177,6,0,0,,,0,0.0,0,0,0,0,0,55182
46,3,3270,-7.17,0.9,True,79,sample3,PAW72062,5.665,0.678,12,1,1,14.199,1.167,38.418,47.778,56.421,-30,-40,-50,12.784,5.22,0.579,0,single_pore,0,3795,1542,215.0,0.84,0,12.658,1,13,-177,6,50105,0,106.58,60.9,57249,0.0,0,0,0,0,0,0
46,4,0,-1.02,0.007,False,0,sample3,PAW72062,0.149,0.353,12,0,0,0.189,0.364,0.432,0.553,0.572,-30,-40,-50,22.996,0.144,0.351,0,zero,0,0,0,,,0,12.658,1,13,-177,6,0,0,,,0,0.0,0,0,0,0,0,55204
47,1,0,-0.86,0.179,False,0,sample3,PAW72062,0.999,0.389,12,0,0,3.289,0.444,8.137,9.971,11.719,-30,-40,-50,15.502,0.862,0.396,0,unavailable,0,0,0,,,0,12.658,1,13,-177,6,0,0,,,0,0.0,0,45965,0,0,0,0
47,2,0,0.15,0.004,False,0,sample3,PAW72062,0.074,0.316,12,0,0,0.174,0.302,0.428,0.463,0.513,-30,-40,-50,68.986,0.147,0.309,0,zero,0,0,0,,,0,12.658,1,13,-177,6,0,0,,,0,0.0,0,0,0,0,0,55519
47,3,0,-1.43,0.019,False,0,sample3,PAW72062,-0.326,0.419,12,0,0,-0.098,0.36,0.381,0.641,0.758,-30,-40,-50,-9.964,-0.277,0.415,0,zero,0,0,0,,,0,12.658,1,13,-177,6,0,0,,,0,0.0,0,0,0,0,0,55171
47,4,0,-0.7,0.007,False,0,sample3,PAW72062,-0.084,0.369,12,0,0,0.053,0.336,0.351,0.457,0.493,-30,-40,-50,16.503,-0.023,0.352,0,zero,0,0,0,,,0,12.658,1,13,-177,6,0,0,,,0,0.0,0,0,0,0,0,57068
48,1,0,3.7,0.896,True,0,sample3,PAW72062,5.81,0.495,12,2,1,14.733,0.614,38.741,47.52,56.669,-30,-40,-50,13.142,5.043,0.553,0,single_pore,0,0,0,,,0,12.658,1,13,-177,6,55034,0,106.44,61.3,55034,0.0,0,0,0,0,0,0
48,2,1122,5.59,0.907,True,165,sample3,PAW72062,5.882,0.48,12,3,1,14.812,0.669,38.802,47.596,56.949,-30,-40,-50,12.645,5.057,0.577,0,single_pore,0,6167,313,214.3,0.99,0,12.658,1,13,-177,6,48491,0,104.76,60.5,55945,0.0,0,0,0,0,657,0
48,3,112,10.18,1.777,False,758,sample3,PAW72062,10.645,0.664,12,0,0,28.125,0.964,75.899,93.158,111.435,-30,-40,-50,12.607,9.284,0.67,0,other,0,196,54363,191.09,2.21,0,12.658,1,13,-177,6,0,0,,,1066,0.0,0,0,0,0,296,0
48,4,0,1.12,0.884,True,0,sample3,PAW72062,5.55,0.63,12,1,1,14.385,0.697,38.389,47.173,56.069,-30,-40,-50,13.405,4.895,0.541,0,single_pore,0,0,0,,,0,12.658,1,13,-177,6,55048,0,107.34,60.2,55048,0.0,0,0,0,0,0,0
49,1,666,4.95,0.899,True,11,sample3,PAW72062,5.157,0.495,12,1,1,14.066,0.563,38.085,46.828,56.066,-30,-40,-50,12.256,4.379,0.576,0,single_pore,0,234,17,215.8,0.97,0,12.658,1,13,-177,6,57026,0,106.57,64.9,57937,0.0,0,0,0,0,74,0
49,2,0,4.18,0.888,True,0,sample3,PAW72062,5.06,0.543,12,2,1,13.757,0.868,37.527,46.201,55.293,-30,-40,-50,12.158,4.298,0.614,0,single_pore,0,479,0,211.17,0.94,0,12.658,1,13,-177,6,55067,0,105.04,60.0,55546,0.0,0,0,0,0,0,332
49,3,0,4.62,0.91,True,0,sample3,PAW72062,4.719,0.56,12,4,1,13.517,0.73,37.339,46.206,55.535,-30,-40,-50,10.945,3.858,0.568,0,single_pore,0,0,0,,,0,12.658,1,13,-177,6,55052,0,102.19,58.2,55052,0.0,0,0,0,0,0,0
49,4,381,6.28,0.895,True,31,sample3,PAW72062,4.873,0.614,12,3,1,13.686,0.738,37.781,46.413,55.673,-30,-40,-50,12.094,4.147,0.627,0,single_pore,0,632,85,213.78,1.38,0,12.658,1,13,-177,6,54863,0,104.7,65.7,55907,0.0,0,0,0,0,0,0
50,1,573,10.31,1.759,False,824,sample3,PAW72062,10.63,0.493,12,0,0,28.021,0.705,75.39,92.464,110.569,-30,-40,-50,12.748,9.098,0.533,0,other,0,45,54199,230.45,1.81,0,12.658,1,13,-177,6,0,0,,,1442,0.0,0,0,0,0,634,0
50,2,0,28.85,0.174,False,0,sample3,PAW72062,2.117,0.434,12,0,0,3.431,1.067,9.495,9.791,12.972,-30,-40,-50,10.306,1.596,0.587,0,unavailable,0,0,0,,,0,12.658,1,13,-177,6,0,0,,,0,0.0,0,31212,0,0,0,10007
50,3,1675,2.68,0.886,True,135,sample3,PAW72062,5.124,0.505,12,1,1,13.963,0.649,38.027,46.758,55.757,-30,-40,-50,12.841,4.48,0.443,0,single_pore,0,7835,6862,190.55,2.36,0,12.658,1,13,-177,6,25587,0,102.08,63.1,35232,0.0,0,9469,0,0,4117,0
50,4,0,6.68,0.898,True,0,sample3,PAW72062,5.447,0.456,12,2,1,14.113,0.661,38.154,46.801,56.116,-30,-40,-50,12.335,4.762,0.446,0,single_pore,0,268,23,213.91,0.93,0,12.658,1,13,-177,6,57150,0,100.78,64.2,57418,0.0,0,0,0,0,138,0
51,1,0,0.16,0.0,False,0,sample3,PAW72062,0.108,0.32,12,0,0,0.126,0.341,0.096,0.086,0.092,-30,-40,-50,-112.105,0.121,0.334,0,zero,0,0,0,,,0,12.658,1,13,-177,6,0,0,,,0,0.0,0,0,0,0,0,57659
51,2,0,0.0,0.001,False,0,sample3,PAW72062,0.079,0.286,12,0,0,0.109,0.324,0.087,0.075,0.063,-30,-40,-50,-102.5,0.111,0.327,0,zero,0,0,0,,,0,12.658,1,13,-177,6,0,0,,,0,0.0,0,0,0,0,0,50688
51,3,0,0.01,0.001,False,0,sample3,PAW72062,-0.107,0.225,12,0,0,-0.099,0.226,-0.099,-0.094,-0.088,-30,-40,-50,-209.835,-0.08,0.216,0,zero,0,0,0,,,0,12.658,1,13,-177,6,0,0,,,0,0.0,0,0,0,0,0,55706
51,4,0,0.1,0.0,False,0,sample3,PAW72062,-0.055,0.201,12,0,0,-0.033,0.193,-0.031,-0.037,-0.033,-30,-40,-50,-3.929,-0.029,0.199,0,zero,0,0,0,,,0,12.658,1,13,-177,6,0,0,,,0,0.0,0,0,0,0,0,58759
52,1,0,-0.49,0.003,False,0,sample3,PAW72062,-0.044,0.36,12,0,0,-0.041,0.36,-0.071,-0.074,-0.126,-30,-40,-50,-14.024,-0.046,0.365,0,zero,0,0,0,,,0,12.658,1,13,-177,6,0,0,,,0,0.0,0,0,0,0,0,55339
52,2,0,0.27,0.001,False,0,sample3,PAW72062,-0.036,0.354,12,0,0,-0.031,0.354,-0.013,-0.033,-0.026,-30,-40,-50,-24.854,-0.043,0.36,0,zero,0,0,0,,,0,12.658,1,13,-177,6,0,0,,,0,0.0,0,0,0,0,0,55201
52,3,0,0.33,0.0,False,0,sample3,PAW72062,-0.465,0.351,12,0,0,-0.48,0.342,-0.485,-0.499,-0.48,-30,-40,-50,-165.773,-0.447,0.351,0,zero,0,0,0,,,0,12.658,1,13,-177,6,0,0,,,0,0.0,0,0,0,0,0,55251
52,4,0,0.02,0.001,False,0,sample3,PAW72062,-0.324,0.371,12,0,0,-0.314,0.367,-0.323,-0.335,-0.345,-30,-40,-50,263.104,-0.266,0.369,0,zero,0,0,0,,,0,12.658,1,13,-177,6,0,0,,,0,0.0,0,0,0,0,0,55317
53,1,0,0.21,0.011,False,0,sample3,PAW72062,-0.997,0.316,12,0,0,-1.018,0.312,-0.723,-0.619,-0.494,-30,-40,-50,-93.3,-1.071,0.295,0,zero,0,0,0,,,0,12.658,1,13,-177,6,0,0,,,0,0.0,0,0,0,0,0,55174
53,2,0,4.35,0.889,True,47,sample3,PAW72062,5.466,0.47,12,1,1,14.333,0.566,38.104,46.777,55.885,-30,-40,-50,12.767,4.787,0.492,0,single_pore,0,590,176,211.53,0.84,0,12.658,1,13,-177,6,55063,0,103.7,61.4,55700,0.0,0,0,0,0,1147,0
53,3,0,0.12,0.011,False,0,sample3,PAW72062,-1.594,0.341,12,0,0,-1.636,0.352,-1.302,-1.193,-1.072,-30,-40,-50,-143.298,-1.694,0.376,0,zero,0,0,0,,,0,12.658,1,13,-177,6,0,0,,,0,0.0,0,0,0,0,0,59112
53,4,0,,,False,0,sample3,PAW72062,,,12,0,0,,,,,,-30,-40,-50,,,,0,saturated,0,0,0,,,0,12.658,1,13,-177,6,0,0,,,0,0.0,0,0,0,0,0,0
54,1,2060,3.96,0.893,True,99,sample3,PAW72062,5.158,0.63,12,1,1,14.159,0.608,38.129,46.866,55.999,-30,-40,-50,12.591,4.33,0.494,0,single_pore,0,6616,153,211.87,1.0,0,12.658,1,13,-177,6,50053,0,105.51,61.0,58828,0.0,0,0,0,0,0,0
54,2,0,5.96,0.903,True,0,sample3,PAW72062,5.176,0.65,12,2,1,14.125,0.715,38.021,46.754,56.083,-30,-40,-50,11.972,4.366,0.52,0,single_pore,0,0,0,,,0,12.658,1,13,-177,6,60089,0,103.78,59.3,60089,0.0,0,0,0,0,0,0
54,3,64,-36.82,1.393,False,3433,sample3,PAW72062,9.082,0.723,12,0,0,24.392,1.155,67.362,83.135,95.226,-30,-40,-50,18.451,7.557,0.782,0,other,0,0,13635,,,0,12.658,1,13,-177,6,0,0,,,3497,0.0,0,0,0,0,38576,0
54,4,0,10.65,1.695,False,0,sample3,PAW72062,6.601,0.659,12,0,0,25.707,0.868,74.674,91.092,108.575,-30,-40,-50,13.932,5.362,0.706,790,multiple,0,673,48326,213.89,2.41,0,12.658,1,13,-177,6,0,0,,,0,0.0,0,0,0,0,6342,0
55,1,0,3.82,0.903,True,0,sample3,PAW72062,5.601,0.58,12,2,1,14.466,0.79,38.542,47.38,56.6,-30,-40,-50,12.609,4.727,0.569,0,single_pore,0,0,0,,,0,12.658,1,13,-177,6,38280,0,107.85,62.1,38280,0.0,0,15811,0,0,0,0
55,2,3338,-4.87,0.971,True,149,sample3,PAW72062,6.432,0.814,12,4,1,15.857,0.879,39.671,49.626,59.094,-30,-40,-50,10.922,5.654,0.848,0,single_pore,0,5192,2129,218.5,1.16,0,12.658,1,13,-177,6,44550,0,110.84,61.8,53229,0.0,0,0,0,0,307,0
55,3,0,4.74,0.91,True,0,sample3,PAW72062,5.284,0.569,12,3,1,14.145,0.767,38.359,47.226,56.567,-30,-40,-50,12.036,4.437,0.496,0,single_pore,0,0,0,,,0,12.658,1,13,-177,6,55044,0,104.2,60.6,55044,0.0,0,0,0,0,0,0
55,4,0,1.81,0.939,True,0,sample3,PAW72062,6.032,0.866,12,1,1,15.478,0.884,40.372,49.668,59.145,-30,-40,-50,12.977,5.242,0.887,0,single_pore,0,0,29,,,0,12.658,1,13,-177,6,55713,0,109.34,62.2,55713,0.0,0,0,0,0,0,0
56,1,0,-1.94,0.026,False,0,sample3,PAW72062,0.339,0.482,12,0,0,0.443,0.536,1.667,2.026,2.191,-30,-40,-50,31.589,0.409,0.511,0,zero,0,0,0,,,0,12.658,1,13,-177,6,0,0,,,0,0.0,0,14170,0,0,0,40069
56,2,0,3.96,0.91,True,7,sample3,PAW72062,5.624,0.594,12,1,1,14.719,0.761,38.804,47.708,57.008,-30,-40,-50,12.552,5.058,0.552,0,single_pore,0,421,38,217.6,1.34,0,12.658,1,13,-177,6,52912,0,108.11,59.6,53340,0.0,0,0,0,0,0,0
56,3,0,3.64,0.92,True,0,sample3,PAW72062,5.361,0.574,12,2,1,14.366,0.777,38.219,47.235,56.615,-30,-40,-50,11.479,4.751,0.569,0,single_pore,0,762,0,216.63,1.01,0,12.658,1,13,-177,6,59041,0,110.09,58.3,59803,0.0,0,0,0,0,0,0
56,4,0,-0.6,0.007,False,0,sample3,PAW72062,-0.025,0.383,12,0,0,0.12,0.379,0.327,0.432,0.477,-30,-40,-50,12.152,0.055,0.381,0,zero,0,0,0,,,0,12.658,1,13,-177,6,0,0,,,0,0.0,0,0,0,0,0,55298
57,1,0,-0.12,0.01,False,0,sample3,PAW72062,0.126,0.426,12,0,0,0.24,0.441,0.471,0.574,0.665,-30,-40,-50,18.688,0.102,0.43,0,zero,0,0,0,,,0,12.658,1,13,-177,6,0,0,,,0,0.0,0,0,0,0,0,55164
57,2,1800,6.05,0.897,True,118,sample3,PAW72062,5.759,0.494,12,1,1,14.485,0.659,38.517,47.184,56.456,-30,-40,-50,12.81,4.997,0.532,0,single_pore,0,4558,4213,214.26,0.88,0,12.658,1,13,-177,6,45037,0,105.56,63.9,51513,0.0,0,18,0,0,2778,0
57,3,0,11.73,0.675,True,0,sample3,PAW72062,3.677,0.627,12,2,1,10.813,1.498,27.952,34.113,41.447,-30,-40,-50,11.008,3.601,0.663,0,single_pore,0,0,29264,,,0,12.658,1,13,-177,6,15019,0,100.78,53.9,15019,0.0,0,10012,0,0,3738,0
57,4,0,-0.84,0.008,False,0,sample3,PAW72062,0.027,0.424,12,0,0,0.101,0.439,0.528,0.651,0.69,-30,-40,-50,30.587,0.03,0.431,0,zero,0,0,0,,,0,12.658,1,13,-177,6,0,0,,,0,0.0,0,0,0,0,0,55204
58,1,2610,5.87,0.897,True,159,sample3,PAW72062,5.878,0.515,12,1,1,14.867,0.66,38.919,47.593,56.854,-30,-40,-50,13.272,5.247,0.495,0,single_pore,0,6028,226,213.71,1.07,0,12.658,1,13,-177,6,38646,0,100.24,58.4,47443,0.0,0,10010,0,0,178,0
58,2,0,6.41,0.91,True,0,sample3,PAW72062,5.963,0.449,12,2,1,14.907,0.626,39.006,47.784,57.203,-30,-40,-50,12.732,5.287,0.503,0,single_pore,0,0,0,,,0,12.658,1,13,-177,6,55058,0,106.58,60.9,55058,0.0,0,0,0,0,0,0
58,3,1041,12.99,0.918,True,36,sample3,PAW72062,4.644,0.756,12,4,1,13.118,1.272,36.168,44.703,54.537,-30,-40,-50,9.062,4.031,0.807,0,single_pore,0,1092,2228,214.54,1.16,0,12.658,1,13,-177,6,48891,0,99.92,59.8,51060,0.0,0,0,0,0,0,335
58,4,0,3.5,0.903,True,95,sample3,PAW72062,5.865,0.445,12,3,1,14.718,0.608,38.627,47.481,56.685,-30,-40,-50,12.71,5.167,0.504,0,single_pore,0,516,135,216.03,1.04,0,12.658,1,13,-177,6,55440,0,103.9,62.5,56051,0.0,0,0,0,0,0,323
59,1,0,3.2,0.912,True,0,sample3,PAW72062,5.847,0.542,12,2,1,14.884,0.613,38.972,47.929,57.206,-30,-40,-50,12.683,5.134,0.516,0,single_pore,0,311,15,214.81,1.11,0,12.658,1,13,-177,6,52515,0,105.26,63.2,52826,0.0,0,0,0,0,682,0
59,2,769,5.6,0.89,True,0,sample3,PAW72062,6.119,0.588,12,1,1,15.019,0.718,39.1,47.723,56.906,-30,-40,-50,13.795,5.31,0.611,0,single_pore,0,1448,1077,212.28,1.9,0,12.658,1,13,-177,6,52424,0,104.81,62.8,54641,0.0,0,0,0,0,0,0
59,3,0,4.98,0.911,True,0,sample3,PAW72062,5.453,0.56,12,3,1,14.433,0.565,38.41,47.269,56.626,-30,-40,-50,12.068,4.787,0.572,0,single_pore,0,0,0,,,0,12.658,1,13,-177,6,55054,0,100.55,59.4,55054,0.0,0,0,0,0,0,0
59,4,0,-3.22,0.096,False,0,sample3,PAW72062,0.513,0.433,12,0,0,1.714,0.706,4.64,5.76,6.558,-30,-40,-50,18.395,0.47,0.383,0,unavailable,0,0,0,,,0,12.658,1,13,-177,6,0,0,,,0,0.0,0,46558,0,0,0,0
60,1,1045,4.47,0.901,True,45,sample3,PAW72062,5.682,0.468,12,1,1,14.648,0.672,38.792,47.574,56.803,-30,-40,-50,12.982,4.988,0.499,0,single_pore,0,1822,71,215.21,1.11,0,12.658,1,13,-177,6,51241,0,105.92,59.2,54153,0.0,0,22,0,0,66,0
60,2,0,-2.83,0.075,False,0,sample3,PAW72062,3.073,1.455,12,0,0,0.52,0.722,3.564,4.453,5.059,-30,-40,-50,17.622,1.999,0.675,0,zero,0,0,0,,,0,12.658,1,13,-177,6,0,0,,,0,0.0,0,19789,0,0,0,23686
60,3,0,4.81,0.903,True,0,sample3,PAW72062,5.35,0.47,12,2,1,14.232,0.632,38.228,47.015,56.283,-30,-40,-50,12.245,4.631,0.468,0,single_pore,0,0,0,,,0,12.658,1,13,-177,6,55063,0,108.54,58.9,55063,0.0,0,0,0,0,0,0
60,4,0,2.19,0.013,False,0,sample3,PAW72062,0.025,0.303,12,0,0,1.2,1.296,0.426,0.45,0.693,-30,-40,-50,-8.0,0.602,0.755,0,zero,0,0,0,,,0,12.658,1,13,-177,6,0,0,,,0,0.0,0,0,0,0,0,55094
61,1,0,-0.08,0.0,False,0,sample3,PAW72062,0.033,0.289,12,0,0,0.036,0.298,0.001,0.01,0.011,-30,-40,-50,-27.912,0.012,0.299,0,zero,0,0,0,,,0,12.658,1,13,-177,6,0,0,,,0,0.0,0,0,0,0,0,55596
61,2,0,-0.36,0.001,False,0,sample3,PAW72062,-0.025,0.313,12,0,0,-0.032,0.323,-0.032,-0.021,-0.046,-30,-40,-50,-25.287,-0.016,0.309,0,zero,0,0,0,,,0,12.658,1,13,-177,6,0,0,,,0,0.0,0,0,0,0,0,55266
61,3,0,-0.56,0.002,False,0,sample3,PAW72062,-0.277,0.372,12,0,0,-0.297,0.374,-0.306,-0.298,-0.346,-30,-40,-50,55.766,-0.271,0.375,0,zero,0,0,0,,,0,12.658,1,13,-177,6,0,0,,,0,0.0,0,0,0,0,0,55169
61,4,0,-0.1,0.0,False,0,sample3,PAW72062,-0.166,0.352,12,0,0,-0.193,0.36,-0.248,-0.245,-0.252,-30,-40,-50,362.703,-0.18,0.356,0,zero,0,0,0,,,0,12.658,1,13,-177,6,0,0,,,0,0.0,0,0,0,0,0,55145
62,1,0,-0.56,0.001,False,0,sample3,PAW72062,0.054,0.313,12,0,0,0.048,0.322,-0.032,-0.017,-0.058,-30,-40,-50,-29.225,0.05,0.319,0,zero,0,0,0,,,0,12.658,1,13,-177,6,0,0,,,0,0.0,0,0,0,0,0,55165
62,2,0,-0.09,0.001,False,0,sample3,PAW72062,0.058,0.317,12,0,0,0.038,0.32,0.019,0.038,0.048,-30,-40,-50,-16.613,0.049,0.319,0,zero,0,0,0,,,0,12.658,1,13,-177,6,0,0,,,0,0.0,0,0,0,0,0,55191
62,3,0,-0.19,0.001,False,0,sample3,PAW72062,-0.384,0.331,12,0,0,-0.392,0.33,-0.371,-0.367,-0.382,-30,-40,-50,300.331,-0.368,0.333,0,zero,0,0,0,,,0,12.658,1,13,-177,6,0,0,,,0,0.0,0,0,0,0,0,55330
62,4,0,0.53,0.003,False,0,sample3,PAW72062,-0.215,0.344,12,0,0,-0.208,0.344,-0.194,-0.251,-0.255,-30,-40,-50,21.122,-0.171,0.344,0,zero,0,0,0,,,0,12.658,1,13,-177,6,0,0,,,0,0.0,0,0,0,0,0,55190
63,1,0,-0.08,0.006,False,0,sample3,PAW72062,-0.714,0.351,12,0,0,-0.645,0.346,-0.297,-0.236,-0.183,-30,-40,-50,-81.803,-0.774,0.35,0,zero,0,0,0,,,0,12.658,1,13,-177,6,0,0,,,0,0.0,0,0,0,0,0,55164
63,2,405,23.13,0.641,True,156,sample3,PAW72062,4.314,0.503,12,0,0,11.111,0.642,27.72,32.969,40.531,-30,-40,-50,12.107,3.956,0.534,0,unavailable,0,175,13804,172.28,1.72,0,12.658,1,13,-177,6,1442,0,132.35,37.3,2178,0.0,0,15908,0,0,20743,0
63,3,0,-0.2,0.008,False,0,sample3,PAW72062,-0.998,0.333,12,0,0,-0.968,0.342,-0.678,-0.587,-0.516,-30,-40,-50,-112.922,-1.005,0.332,0,zero,0,0,0,,,0,12.658,1,13,-177,6,0,0,,,0,0.0,0,0,0,0,0,55494
63,4,0,,,False,0,sample3,PAW72062,,,12,0,0,,,,,,-30,-40,-50,,,,0,saturated,0,0,0,,,0,12.658,1,13,-177,6,0,0,,,0,0.0,0,0,0,0,0,0
64,1,0,-106.53,3.889,False,0,sample3,PAW72062,31.158,1.398,12,0,0,86.607,3.211,228.611,272.829,306.394,-30,-40,-50,28.808,26.222,1.351,0,saturated,0,0,0,,,0,12.658,1,13,-177,6,0,0,,,0,0.0,0,0,0,0,0,0
64,2,0,6.81,0.649,True,56,sample3,PAW72062,5.317,0.451,12,0,0,11.883,0.642,30.48,36.633,43.467,-30,-40,-50,16.712,4.506,0.586,0,unavailable,0,0,40489,,,0,12.658,1,13,-177,6,0,0,,,56,0.0,0,14385,0,0,4079,0
64,3,0,3.54,0.899,True,0,sample3,PAW72062,5.496,0.561,12,1,1,14.375,0.9,38.454,47.27,56.44,-30,-40,-50,12.688,4.907,0.541,0,single_pore,0,883,24,213.7,0.87,0,12.658,1,13,-177,6,54260,0,110.09,61.5,55143,0.0,0,0,0,0,0,0
64,4,0,-34.31,0.124,False,0,sample3,PAW72062,2.883,1.034,12,0,0,9.525,2.167,22.869,25.826,25.352,-30,-40,-50,81.489,2.261,0.957,0,unavailable,0,0,0,,,0,12.658,1,13,-177,6,5000,15015,88.73,33.9,5000,0.0,0,26583,0,0,0,0
65,1,0,2.48,0.898,True,0,sample3,PAW72062,5.237,0.56,12,1,1,14.061,0.728,38.095,46.951,56.055,-30,-40,-50,12.373,4.413,0.491,0,single_pore,0,1533,5,213.88,0.94,0,12.658,1,13,-177,6,53360,0,108.31,60.8,54893,0.0,0,0,0,0,0,0
65,2,0,,,False,0,sample3,PAW72062,,,12,0,0,,,,,,-30,-40,-50,,,,0,saturated,0,0,0,,,0,12.658,1,13,-177,6,0,0,,,0,0.0,0,0,0,0,0,0
65,3,0,2.28,0.899,True,0,sample3,PAW72062,4.865,0.639,12,2,1,13.701,0.741,37.466,46.339,55.44,-30,-40,-50,11.644,4.16,0.532,0,single_pore,0,0,10009,,,0,12.658,1,13,-177,6,25028,3119,106.75,61.9,25028,0.0,0,10008,0,0,5000,0
65,4,0,,,False,0,sample3,PAW72062,,,12,0,0,,,,,,-30,-40,-50,,,,0,saturated,0,0,0,,,0,12.658,1,13,-177,6,0,0,,,0,0.0,0,0,0,0,0,0
66,1,0,-1.44,0.01,False,0,sample3,PAW72062,0.309,0.396,12,0,0,0.43,0.407,0.789,0.959,0.985,-30,-40,-50,38.784,0.251,0.39,0,zero,0,0,0,,,0,12.658,1,13,-177,6,0,0,,,0,0.0,0,0,0,0,0,55334
66,2,0,7.12,0.871,True,0,sample3,PAW72062,4.892,0.763,12,3,1,13.509,1.139,37.186,45.538,54.602,-30,-40,-50,12.538,4.133,0.69,0,single_pore,0,0,0,,,0,12.658,1,13,-177,6,55044,0,105.3,58.6,55044,0.0,0,0,0,0,0,0
66,3,0,5.6,0.897,True,0,sample3,PAW72062,5.567,0.5,12,1,1,14.437,0.728,38.579,47.265,56.511,-30,-40,-50,12.907,4.759,0.576,0,single_pore,0,0,0,,,0,12.658,1,13,-177,6,55059,0,103.62,61.3,55059,0.0,0,0,0,0,0,0
66,4,0,2.79,0.899,True,14,sample3,PAW72062,5.574,0.581,12,2,1,14.331,0.819,38.462,47.312,56.441,-30,-40,-50,12.73,4.867,0.565,0,single_pore,0,60,50,214.13,0.93,0,12.658,1,13,-177,6,57773,0,107.69,62.1,57847,0.0,0,0,0,0,0,0
67,1,988,2.3,0.904,True,155,sample3,PAW72062,5.517,0.43,12,2,1,14.435,0.567,38.488,47.409,56.56,-30,-40,-50,12.549,4.756,0.549,0,single_pore,0,5685,9,214.82,1.06,0,12.658,1,13,-177,6,49911,0,93.63,61.5,56739,0.0,0,0,0,0,2471,0
67,2,740,3.32,0.905,True,0,sample3,PAW72062,5.499,0.51,12,3,1,14.422,0.605,38.32,47.204,56.42,-30,-40,-50,12.276,4.805,0.564,0,single_pore,0,456,50,216.01,1.05,0,12.658,1,13,-177,6,55034,0,106.63,61.2,56230,0.0,0,0,0,0,0,0
67,3,0,26.12,0.656,True,0,sample3,PAW72062,3.974,0.707,12,0,0,10.404,1.776,29.134,34.385,42.248,-30,-40,-50,13.066,3.598,0.544,0,unavailable,0,0,0,,,0,12.658,1,13,-177,6,0,0,,,0,0.0,0,43494,0,0,0,0
67,4,1740,3.07,0.892,True,159,sample3,PAW72062,5.226,0.594,12,1,1,13.994,0.779,38.224,46.993,56.069,-30,-40,-50,12.777,4.52,0.618,0,single_pore,0,4337,0,212.64,1.02,0,12.658,1,13,-177,6,35044,0,105.66,63.5,41280,0.0,0,15015,0,0,0,0
68,1,0,2.76,0.904,True,0,sample3,PAW72062,5.179,0.603,12,2,1,14.203,0.643,38.217,47.115,56.289,-30,-40,-50,12.239,4.507,0.39,0,single_pore,0,0,0,,,0,12.658,1,13,-177,6,55090,0,106.71,61.3,55090,0.0,0,0,0,0,0,0
68,2,0,4.02,0.904,True,0,sample3,PAW72062,5.126,0.592,12,3,1,14.112,0.722,38.072,46.915,56.16,-30,-40,-50,12.014,4.52,0.373,0,single_pore,0,0,0,,,0,12.658,1,13,-177,6,20047,0,103.89,63.2,20047,0.0,0,23620,0,0,0,0
68,3,2021,4.22,0.9,True,95,sample3,PAW72062,4.736,0.443,12,4,1,13.676,0.688,37.703,46.493,55.705,-30,-40,-50,11.8,4.235,0.41,0,single_pore,0,4585,111,212.76,1.11,0,12.658,1,13,-177,6,46656,0,105.01,58.7,53357,0.0,0,0,0,0,0,0
68,4,0,4.03,0.891,True,0,sample3,PAW72062,4.963,0.521,12,1,1,13.884,0.639,37.942,46.646,55.753,-30,-40,-50,12.521,4.415,0.396,0,single_pore,0,0,0,,,0,12.658,1,13,-177,6,55096,0,104.49,63.1,55096,0.0,0,0,0,0,0,0
69,1,198,4.33,0.902,True,0,sample3,PAW72062,5.555,0.519,12,3,1,14.498,0.589,38.325,47.127,56.362,-30,-40,-50,12.406,4.702,0.586,0,single_pore,0,521,0,214.26,0.87,0,12.658,1,13,-177,6,55313,0,110.8,61.8,56032,0.0,0,0,0,0,0,0
69,2,0,4.59,0.896,True,0,sample3,PAW72062,5.579,0.484,12,2,1,14.387,0.755,38.22,46.946,56.131,-30,-40,-50,12.581,4.744,0.609,0,single_pore,0,0,0,,,0,12.658,1,13,-177,6,55085,0,106.54,62.7,55085,0.0,0,0,0,0,0,0
69,3,0,2.88,0.898,True,0,sample3,PAW72062,5.137,0.574,12,4,1,13.844,0.759,37.592,46.428,55.552,-30,-40,-50,11.804,4.308,0.498,0,single_pore,0,0,0,,,0,12.658,1,13,-177,6,55062,0,96.1,63.0,55062,0.0,0,0,0,0,0,0
69,4,0,4.91,0.893,True,0,sample3,PAW72062,5.476,0.472,12,1,1,14.242,0.649,38.408,47.088,56.259,-30,-40,-50,12.927,4.646,0.522,0,single_pore,0,127,3,212.35,1.37,0,12.658,1,13,-177,6,55050,0,104.88,59.7,55177,0.0,0,0,0,0,1204,0
70,1,1517,4.9,0.889,True,96,sample3,PAW72062,5.17,0.6,12,1,1,14.18,0.616,38.209,46.857,55.995,-30,-40,-50,12.86,4.595,0.421,0,single_pore,0,4075,69,212.05,0.98,0,12.658,1,13,-177,6,50088,0,105.38,63.2,55776,0.0,0,289,0,0,0,0
70,2,2303,4.12,0.888,True,138,sample3,PAW72062,5.023,0.684,12,2,1,13.871,0.965,37.682,46.353,55.436,-30,-40,-50,12.362,4.462,0.538,0,single_pore,0,4067,303,214.57,0.94,0,12.658,1,13,-177,6,45047,0,96.06,59.0,51555,0.0,0,0,0,0,467,0
70,3,0,,,False,0,sample3,PAW72062,,,12,0,0,,,,,,-30,-40,-50,,,,0,saturated,0,0,0,,,0,12.658,1,13,-177,6,0,0,,,0,0.0,0,0,0,0,0,0
70,4,0,6.48,0.898,True,0,sample3,PAW72062,4.98,0.588,12,3,1,13.84,0.658,37.595,46.247,55.547,-30,-40,-50,11.741,4.457,0.485,0,single_pore,0,0,0,,,0,12.658,1,13,-177,6,55040,0,101.45,63.5,55040,0.0,0,0,0,0,0,0
71,1,0,-0.11,0.001,False,0,sample3,PAW72062,0.051,0.329,12,0,0,0.04,0.331,0.031,0.047,0.052,-30,-40,-50,-2.188,0.087,0.319,0,zero,0,0,0,,,0,12.658,1,13,-177,6,0,0,,,0,0.0,0,0,0,0,0,55178
71,2,0,0.33,0.001,False,0,sample3,PAW72062,0.027,0.336,12,0,0,0.05,0.327,0.048,0.021,0.027,-30,-40,-50,-56.716,0.035,0.331,0,zero,0,0,0,,,0,12.658,1,13,-177,6,0,0,,,0,0.0,0,0,0,0,0,55226
71,3,0,0.02,0.0,False,0,sample3,PAW72062,-0.358,0.347,12,0,0,-0.291,0.348,-0.302,-0.306,-0.308,-30,-40,-50,941.429,-0.258,0.354,0,zero,0,0,0,,,0,12.658,1,13,-177,6,0,0,,,0,0.0,0,0,0,0,0,55238
71,4,0,0.38,0.001,False,0,sample3,PAW72062,-0.229,0.353,12,0,0,-0.186,0.36,-0.17,-0.197,-0.186,-30,-40,-50,40.0,-0.181,0.359,0,zero,0,0,0,,,0,12.658,1,13,-177,6,0,0,,,0,0.0,0,0,0,0,0,55197
72,1,0,-0.43,0.002,False,0,sample3,PAW72062,0.048,0.353,12,0,0,0.049,0.36,0.009,0.011,-0.03,-30,-40,-50,-38.784,0.043,0.353,0,zero,0,0,0,,,0,12.658,1,13,-177,6,0,0,,,0,0.0,0,0,0,0,0,55175
72,2,0,-0.12,0.002,False,0,sample3,PAW72062,0.061,0.361,12,0,0,0.053,0.35,0.025,0.013,-0.011,-30,-40,-50,-44.821,0.047,0.352,0,zero,0,0,0,,,0,12.658,1,13,-177,6,0,0,,,0,0.0,0,0,0,0,0,55198
72,3,0,0.26,0.0,False,0,sample3,PAW72062,-0.27,0.339,12,0,0,-0.295,0.353,-0.315,-0.326,-0.311,-30,-40,-50,-145.193,-0.283,0.345,0,zero,0,0,0,,,0,12.658,1,13,-177,6,0,0,,,0,0.0,0,0,0,0,0,55246
72,4,0,0.28,0.001,False,0,sample3,PAW72062,-0.161,0.341,12,0,0,-0.155,0.352,-0.083,-0.104,-0.097,-30,-40,-50,17.959,-0.144,0.337,0,zero,0,0,0,,,0,12.658,1,13,-177,6,0,0,,,0,0.0,0,0,0,0,0,55359
73,1,0,0.88,0.004,False,0,sample3,PAW72062,-0.772,0.403,12,0,0,-0.726,0.38,-0.488,-0.488,-0.4,-30,-40,-50,-118.182,-0.704,0.371,0,zero,0,0,0,,,0,12.658,1,13,-177,6,0,0,,,0,0.0,0,0,0,0,0,55167
73,2,0,,,False,0,sample3,PAW72062,,,12,0,0,,,,,,-30,-40,-50,,,,0,saturated,0,0,0,,,0,12.658,1,13,-177,6,0,0,,,0,0.0,0,0,0,0,0,0
73,3,0,-2.93,0.007,False,0,sample3,PAW72062,-0.402,0.328,12,0,0,-0.395,0.336,-0.272,-0.193,-0.407,-30,-40,-50,-23.246,-0.427,0.325,0,zero,0,0,0,,,0,12.658,1,13,-177,6,0,0,,,0,0.0,0,0,0,0,0,55279
73,4,0,-3.55,2.073,False,0,sample3,PAW72062,8.889,0.556,12,0,0,30.654,0.738,87.975,108.881,129.432,-30,-40,-50,12.469,6.886,0.588,0,saturated,0,0,0,,,0,12.658,1,13,-177,6,0,0,,,0,0.0,0,0,0,0,0,0
74,1,1020,3.21,1.257,False,0,sample3,PAW72062,5.276,0.692,12,1,1,18.665,1.07,58.097,70.504,83.232,-30,-40,-50,16.182,4.609,0.646,0,single_pore,0,1383,7873,240.19,1.73,0,12.658,1,13,-177,6,38169,0,127.32,62.5,40572,0.0,0,4903,0,0,3520,0
74,2,0,,,False,0,sample3,PAW72062,165.25,1.846,12,0,0,,,,,,-30,-40,-50,,97.502,1.807,0,saturated,0,0,0,,,0,12.658,1,13,-177,6,0,0,,,0,0.0,0,0,0,0,0,0
74,3,0,,,False,0,sample3,PAW72062,12.042,0.688,12,0,0,76.948,1.606,240.337,298.859,,-30,-40,-50,,6.702,0.753,0,saturated,0,0,0,,,0,12.658,1,13,-177,6,0,0,,,0,0.0,0,0,0,0,0,0
74,4,604,9.64,1.064,False,1740,sample3,PAW72062,5.592,0.547,12,0,0,17.873,0.758,49.694,59.85,70.97,-30,-40,-50,16.524,4.44,0.562,3009,multiple,0,59,48389,224.05,2.2,0,12.658,1,13,-177,6,0,0,,,0,0.0,0,0,0,0,2317,0
75,1,0,3.6,0.904,True,0,sample3,PAW72062,6.056,0.664,12,2,1,14.903,0.961,39.387,48.245,57.463,-30,-40,-50,13.506,5.144,0.496,0,single_pore,0,0,0,,,0,12.658,1,13,-177,6,55056,0,106.63,62.6,55056,0.0,0,0,0,0,0,0
75,2,0,,,False,0,sample3,PAW72062,,,12,0,0,,,,,,-30,-40,-50,,,,0,saturated,0,0,0,,,0,12.658,1,13,-177,6,0,0,,,0,0.0,0,0,0,0,0,0
75,3,0,2.23,0.478,True,0,sample3,PAW72062,3.231,0.867,12,1,1,11.931,1.234,28.664,33.333,38.225,-30,-40,-50,29.87,3.505,0.671,0,single_pore,0,0,32,,,0,12.658,1,13,-177,6,20045,35049,120.97,47.0,20045,0.0,0,0,0,0,0,0
75,4,0,,,False,0,sample3,PAW72062,,,12,0,0,,,,,,-30,-40,-50,,,,0,saturated,0,0,0,,,0,12.658,1,13,-177,6,0,0,,,0,0.0,0,0,0,0,0,0
76,1,2532,3.9,0.904,True,121,sample3,PAW72062,5.477,0.555,12,1,1,14.446,0.716,38.481,47.325,56.559,-30,-40,-50,12.492,4.831,0.535,0,single_pore,0,8629,205,214.19,1.04,0,12.658,1,13,-177,6,44214,0,108.82,63.8,55496,0.0,0,0,0,0,67,0
76,2,1011,2.8,0.896,True,0,sample3,PAW72062,5.403,0.531,12,2,1,14.388,0.598,38.098,46.914,56.01,-30,-40,-50,12.483,4.762,0.464,0,single_pore,0,293,259,211.74,1.17,0,12.658,1,13,-177,6,55047,0,110.59,60.0,56351,0.0,0,0,0,0,0,0
76,3,0,3.49,0.892,True,54,sample3,PAW72062,5.257,0.561,12,3,1,14.156,0.75,37.897,46.638,55.728,-30,-40,-50,12.435,4.574,0.572,0,single_pore,0,1995,162,210.98,1.93,0,12.658,1,13,-177,6,49687,0,105.78,60.7,51736,0.0,0,5003,0,0,0,0
76,4,0,5.4,0.903,True,0,sample3,PAW72062,5.293,0.512,12,4,1,14.208,0.644,38.334,47.091,56.388,-30,-40,-50,12.351,4.656,0.496,0,single_pore,0,0,0,,,0,12.658,1,13,-177,6,55040,0,101.77,62.1,55040,0.0,0,0,0,0,0,0
77,1,0,3.06,0.891,True,0,sample3,PAW72062,5.218,0.464,12,1,1,13.954,0.659,37.735,46.492,55.555,-30,-40,-50,12.289,4.431,0.566,0,single_pore,0,0,0,,,0,12.658,1,13,-177,6,55103,0,106.69,58.1,55103,0.0,0,0,0,0,0,0
