Sample.ID,ng.ul,260.280,260.230,220,221,222,223,224,225,226,227,228,229,230,231,232,233,234,235,236,237,238,239,240,241,242,243,244,245,246,247,248,249,250,251,252,253,254,255,256,257,258,259,260,261,262,263,264,265,266,267,268,269,270,271,272,273,274,275,276,277,278,279,280,281,282,283,284,285,286,287,288,289,290,291,292,293,294,295,296,297,298,299,300,301,302,303,304,305,306,307,308,309,310,311,312,313,314,315,316,317,318,319,320,321,322,323,324,325,326,327,328,329,330,331,332,333,334,335,336,337,338,339,340,341,342,343,344,345,346,347,348,349,350,351,352,353,354,355,356,357,358,359,360,Row,Col
A01,147.485,1.79,1.66,2.877,2.74,2.599,2.462,2.379,2.233,2.113,2.079,2.043,1.993,1.961,1.966,1.947,1.957,1.962,1.989,2.017,2.051,2.114,2.179,2.253,2.322,2.393,2.47,2.529,2.613,2.653,2.726,2.803,2.866,2.924,2.978,3.051,3.097,3.126,3.15,3.161,3.179,3.18,3.146,3.13,3.119,3.09,3.049,3.008,2.946,2.885,2.801,2.725,2.665,2.599,2.515,2.436,2.365,2.297,2.223,2.131,2.051,2.007,1.915,1.828,1.743,1.668,1.599,1.51,1.399,1.31,1.223,1.154,1.07,0.998,0.92,0.841,0.76,0.664,0.594,0.542,0.505,0.454,0.433,0.397,0.36,0.33,0.291,0.284,0.283,0.301,0.265,0.239,0.246,0.215,0.21,0.205,0.21,0.229,0.224,0.216,0.215,0.202,0.192,0.188,0.206,0.206,0.189,0.201,0.2,0.192,0.17,0.19,0.206,0.208,0.185,0.177,0.193,0.171,1.64E-01,0.182,0.163,0.177,0.18,0.18,0.192,0.167,0.171,0.144,0.129,0.144,0.153,1.45E-01,0.139,0.165,0.147,0.16,0.13,0.129,0.136,0.114,0.118,0.117,0.119,0.106,A,01
B01,166.775,1.75,1.77,3.098,2.877,2.737,2.631,2.51,2.366,2.255,2.176,2.139,2.098,2.055,2.059,2.043,2.038,2.039,2.077,2.108,2.149,2.229,2.297,2.38,2.456,2.541,2.644,2.715,2.818,2.859,2.955,3.047,3.127,3.196,3.259,3.329,3.412,3.459,3.497,3.517,3.528,3.533,3.519,3.507,3.497,3.462,3.429,3.381,3.324,3.25,3.159,3.09,3.019,2.933,2.846,2.747,2.684,2.613,2.502,2.394,2.312,2.278,2.189,2.079,1.978,1.883,1.782,1.684,1.576,1.486,1.389,1.296,1.192,1.103,1.004,0.908,0.828,0.743,0.667,0.594,0.561,0.502,0.465,0.413,0.387,0.36,0.326,0.312,0.306,0.322,0.277,0.255,0.258,0.259,0.26,0.239,0.25,0.248,0.247,0.24,0.26,0.234,2.39E-01,0.244,0.25,0.226,0.224,0.237,0.228,0.229,0.214,0.219,0.22,0.21,0.218,0.198,0.203,0.195,0.197,0.19,0.178,0.18,0.168,0.171,2.01E-01,0.203,0.184,0.211,0.196,2.00E-01,0.184,0.163,0.164,0.186,0.191,0.178,0.163,0.143,0.176,0.165,0.144,0.142,0.138,1.25E-01,B,01
C01,223.07,1.75,1,7.597,7.303,6.985,6.657,6.373,6.042,5.695,5.389,5.104,4.853,4.624,4.447,4.337,4.165,4.012,3.867,3.722,3.618,3.585,3.558,3.549,3.566,3.601,3.671,3.732,3.822,3.88,3.987,4.08,4.167,4.242,4.318,4.403,4.487,4.553,4.604,4.631,4.659,4.668,4.64,4.612,4.6,4.564,4.514,4.461,4.363,4.27,4.155,4.053,3.961,3.862,3.746,3.618,3.521,3.413,3.28,3.146,3.035,2.977,2.839,2.704,2.575,2.439,2.317,2.186,2.04,1.907,1.772,1.64E+00,1.517,1.403,1.262,1.137,1.031,0.893,0.788,0.698,0.654,0.586,0.523,0.477,0.42,0.381,0.347,0.31,0.315,0.303,0.268,0.241,0.235,0.213,0.232,0.216,0.22,2.30E-01,0.232,0.224,0.23,0.199,0.215,0.207,0.213,0.202,0.199,0.229,0.197,0.18,0.181,0.184,0.19,0.175,1.80E-01,1.65E-01,0.175,0.175,0.191,0.169,0.15,0.137,0.141,0.151,1.50E-01,0.169,0.167,0.146,0.151,0.162,0.13,0.132,0.131,0.115,0.116,0.127,0.094,0.094,1.26E-01,0.131,0.123,0.133,0.127,1.11E-01,C,01
D01,140.285,1.76,1.27,3.714,3.518,3.378,3.215,3.091,2.958,2.801,2.658,2.524,2.428,2.327,2.274,2.239,2.192,2.145,2.092,2.066,2.045,2.086,2.107,2.14,2.164,2.215,2.26,2.308,2.396,2.427,2.486,2.552,2.615,2.671,2.721,2.776,2.831,2.879,2.896,2.926,2.943,2.946,2.938,2.923,2.907,2.884,2.85,2.81,2.767,2.695,2.628,2.556,2.5,2.443,2.369,2.286,2.214,2.159,2.063,1.975,1.918,1.881,1.791,1.709,1.617,1.541,1.468,1.382,1.272,1.207,1.131,1.056,0.963,0.892,0.815,0.73,0.663,0.585,0.508,0.453,0.431,0.381,0.334,0.31,0.291,0.251,0.233,0.229,0.226,0.223,0.19,0.182,0.178,0.179,0.182,0.152,0.159,0.173,0.164,0.168,0.16,0.152,0.162,0.142,0.143,0.17,0.151,0.162,0.155,0.14,0.135,1.36E-01,0.139,0.137,0.144,0.135,0.131,0.122,0.1,1.19E-01,0.125,0.137,0.136,0.118,0.117,0.112,0.133,0.119,0.122,0.151,0.118,1.11E-01,0.088,0.09,0.116,1.16E-01,0.092,0.073,0.08,0.082,0.093,0.081,0.09,0.062,D,01
E01,384.66,1.78,1.44,8.651,8.212,7.833,7.506,7.183,6.773,6.431,6.119,5.867,5.654,5.473,5.341,5.264,5.13,5.037,4.961,4.945,4.944,5.013,5.098,5.217,5.374,5.557,5.723,5.886,6.106,6.218,6.43,6.632,6.824,6.986,7.167,7.344,7.504,7.634,7.734,7.798,7.858,7.878,7.867,7.826,7.795,7.733,7.644,7.532,7.391,7.223,7.054,6.877,6.716,6.495,6.301,6.114,5.889,5.711,5.488,5.253,5.045,4.936,4.703,4.459,4.229,4.008,3.787,3.544,3.296,3.077,2.852,2.621,2.385,2.171,1.952,1.73,1.53,1.312,1.121,0.956,0.878,0.75,0.654,0.571,0.499,0.445,0.397,0.358,0.356,0.343,0.29,0.276,0.258,0.244,0.239,0.224,0.217,0.223,0.226,0.218,0.235,0.215,0.216,0.231,0.23,0.233,0.2,0.203,0.211,0.186,0.211,0.198,0.168,0.176,0.164,0.148,0.166,0.149,1.56E-01,0.188,0.166,0.149,0.137,0.133,0.16,0.132,0.15,0.149,0.143,0.153,0.132,0.13,0.098,0.114,0.153,0.138,0.12,0.105,0.12,0.115,0.102,0.096,0.087,0.066,E,01
F01,389.355,1.77,1.21,10.58,10.126,9.691,9.256,8.882,8.422,7.973,7.525,7.137,6.796,6.532,6.323,6.214,5.999,5.813,5.663,5.518,5.441,5.453,5.483,5.539,5.629,5.767,5.901,6.042,6.25,6.356,6.555,6.745,6.919,7.089,7.249,7.426,7.585,7.721,7.81,7.871,7.911,7.942,7.93,7.892,7.868,7.793,7.706,7.592,7.455,7.275,7.088,6.915,6.73,6.541,6.341,6.131,5.943,5.754,5.521,5.287,5.068,4.959,4.726,4.504,4.26,4.031,3.804,3.563,3.302,3.085,2.852,2.625,2.39,2.164,1.942,1.714,1.523,1.31,1.118,0.953,0.871,0.732,0.636,0.554,0.481,0.417,0.362,0.315,0.298,0.292,0.248,0.229,0.211,0.215,0.209,0.174,0.184,0.19,0.178,0.186,0.185,0.163,0.168,0.163,0.183,0.208,0.201,0.179,0.166,0.129,0.139,0.159,0.158,0.159,0.149,0.117,0.152,0.137,0.128,0.133,0.116,0.125,0.121,1.05E-01,0.089,0.098,0.098,0.101,0.079,0.096,0.087,0.075,0.085,0.062,0.104,0.085,0.056,0.049,0.077,0.092,0.094,0.079,0.074,0.038,F,01
G01,371.465,1.79,0.96,12.685,12.299,11.844,11.345,10.866,10.345,9.752,9.188,8.669,8.215,7.818,7.488,7.312,6.998,6.689,6.393,6.147,5.943,5.846,5.80E+00,5.772,5.793,5.842,5.92E+00,6.034,6.167,6.25E+00,6.427,6.582,6.731,6.862,6.998,7.154,7.291,7.402,7.482,7.538,7.557,7.567,7.533,7.494,7.471,7.398,7.299,7.187,7.053,6.873,6.683,6.537,6.365,6.174,5.978,5.776,5.58,5.409,5.187,4.963,4.752,4.635,4.432,4.21,3.989,3.764,3.547,3.321,3.083,2.855,2.646,2.432,2.208,2.003,1.781,1.581,1.4,1.18,0.998,0.85,0.769,0.642,0.567,0.495,0.416,0.355,0.299,0.258,0.247,0.246,0.205,0.19,0.184,0.163,0.166,0.133,0.143,0.162,0.175,0.135,0.145,0.141,0.128,0.123,0.14,0.15,0.133,0.133,0.117,0.108,0.122,0.127,0.128,0.118,0.114,0.102,0.11,0.083,0.098,0.109,0.087,0.081,0.055,0.064,0.104,0.094,0.072,0.044,0.054,0.076,0.059,0.078,0.062,0.059,0.064,0.065,0.034,0.033,0.069,0.049,0.021,0.033,0.03,0.015,G,01
H01,249.24,1.79,1.13,7.013,6.793,6.52,6.233,5.999,5.661,5.388,5.106,4.842,4.62,4.45,4.304,4.239,4.117,3.986,3.891,3.783,3.731,3.741,3.743,3.787,3.83,3.914,3.989,4.07,4.187,4.243,4.358,4.469,4.571,4.665,4.756,4.86,4.94,5.009,5.059,5.086,5.094,5.1,5.075,5.034,5.012,4.962,4.897,4.823,4.731,4.607,4.479,4.371,4.258,4.135,3.993,3.859,3.741,3.633,3.488,3.324,3.19,3.122,2.989,2.832,2.687,2.543,2.408,2.256,2.095,1.96,1.812,1.676,1.517,1.377,1.243,1.119,0.989,0.84,0.723,0.62,0.573,0.501,0.437,0.389,0.336,0.289,0.243,0.234,0.214,0.212,0.189,0.18,0.169,0.148,0.158,0.129,0.133,0.138,0.131,0.146,0.141,0.133,0.141,0.144,1.51E-01,0.138,0.13,0.151,0.136,0.105,0.095,0.109,0.116,0.136,1.08E-01,0.096,0.134,0.103,0.089,1.00E-01,0.083,0.091,0.059,0.049,0.08,0.06,0.056,0.064,0.077,0.084,0.07,0.074,0.073,0.084,0.09,8.50E-02,0.066,0.059,0.106,0.102,0.073,0.071,0.042,0.041,H,01
A02,356.84,1.79,1.57,7.33,6.997,6.671,6.345,6.025,5.71,5.421,5.125,4.91,4.769,4.61,4.512,4.465,4.408,4.372,4.342,4.363,4.397,4.48,4.617,4.764,4.915,5.078,5.232,5.395,5.608,5.721,5.927,6.12,6.303,6.459,6.611,6.785,6.937,7.074,7.149,7.21,7.273,7.285,7.26,7.212,7.183,7.109,7.03,6.93,6.81,6.649,6.455,6.302,6.128,5.948,5.75,5.559,5.387,5.222,5.002,4.774,4.578,4.489,4.283,4.066,3.835,3.609,3.402,3.185,2.945,2.745,2.543,2.325,2.11,1.902,1.699,1.501,1.319,1.123,0.945,0.792,0.721,0.6,0.522,0.441,0.378,0.324,0.269,0.243,0.235,0.222,1.91E-01,0.175,0.148,0.139,0.133,0.125,0.148,0.136,0.128,0.124,0.135,0.104,0.118,0.116,0.128,0.14,0.113,0.113,0.097,0.1,0.103,0.086,0.067,0.076,0.067,0.066,0.087,0.073,0.083,0.081,0.067,7.30E-02,0.077,0.075,8.80E-02,0.058,0.066,6.20E-02,0.036,5.30E-02,0.061,0.033,4.60E-02,0.034,0.069,0.043,0.035,0.03,4.10E-02,0.03,0.006,0.018,0.019,-0.013,A,02
B02,452.01,1.77,2.08,6.825,6.39,5.983,5.671,5.39,5.142,4.929,4.723,4.559,4.481,4.451,4.439,4.425,4.463,4.534,4.621,4.75,4.905,5.117,5.33,5.579,5.857,6.134,6.379,6.627,6.911,7.059,7.349,7.62,7.86,8.082,8.293,8.525,8.727,8.89,9.011,9.108,9.167,9.206,9.182,9.136,9.111,9.038,8.931,8.803,8.644,8.432,8.212,8.022,7.812,7.572,7.332,7.097,6.878,6.659,6.394,6.111,5.859,5.729,5.474,5.194,4.895,4.63,4.372,4.094,3.801,3.54,3.279,3.015,2.743,2.492,2.232,1.97E+00,1.726,1.468,1.248,1.067,0.975,0.827,0.722,0.606,0.527,0.449,0.384,0.342,0.321,0.317,0.277,0.245,0.233,0.21,0.21,0.186,0.192,0.191,0.204,0.192,0.196,0.187,0.175,0.185,0.197,0.202,0.184,0.162,0.134,0.143,0.147,0.14,0.143,0.149,0.118,0.107,1.24E-01,0.102,0.133,0.134,0.119,0.095,0.089,0.096,0.11,0.107,0.094,0.083,0.079,0.093,0.078,0.094,6.40E-02,0.104,0.102,0.081,0.056,0.052,0.085,0.08,0.059,4.70E-02,0.039,0.024,B,02
C02,306.215,1.78,2.02,4.739,4.46,4.272,4.051,3.842,3.583,3.402,3.33,3.2,3.115,3.083,3.078,3.066,3.073,3.129,3.192,3.239,3.332,3.466,3.624,3.779,3.965,4.147,4.309,4.473,4.665,4.769,4.963,5.141,5.317,5.447,5.596,5.753,5.891,6.006,6.079,6.14,6.183,6.208,6.195,6.171,6.142,6.086,6.016,5.938,5.823,5.686,5.532,5.399,5.265,5.117,4.945,4.782,4.642,4.485,4.29,4.108,3.932,3.843,3.661,3.487,3.3,3.123,2.939,2.747,2.545,2.365,2.185,2.018,1.832,1.661,1.488,1.306,1.146,0.967,0.816,0.677,0.633,0.538,0.468,0.381,0.321,0.27,0.228,0.213,0.209,0.2,0.163,0.13,0.124,1.02E-01,0.128,0.107,1.15E-01,0.126,0.118,0.113,0.117,0.104,0.108,0.105,0.101,0.104,1.06E-01,0.113,9.40E-02,7.80E-02,0.089,0.067,0.082,0.101,0.087,0.073,8.40E-02,0.042,0.051,0.073,0.05,0.071,0.075,0.046,0.054,0.048,0.057,0.044,0.037,0.046,0.033,0.03,0.032,0.038,0.05,0.036,0.011,0.012,0.026,0.01,-0.015,0.005,-6.00E-03,-0.008,C,02
D02,434.795,1.76,2.04,6.639,6.273,5.936,5.555,5.288,5.043,4.827,4.647,4.504,4.423,4.384,4.355,4.335,4.366,4.416,4.501,4.621,4.773,4.949,5.154,5.412,5.678,5.925,6.156,6.4,6.689,6.823,7.098,7.36,7.591,7.808,8.013,8.217,8.404,8.563,8.687,8.789,8.854,8.872,8.861,8.817,8.797,8.727,8.63,8.511,8.354,8.159,7.941,7.743,7.553,7.344,7.1,6.872,6.673,6.473,6.205,5.943,5.695,5.571,5.322,5.07,4.797,4.553,4.292,4.016,3.742,3.476,3.212,2.965,2.709,2.466,2.203,1.964,1.728,1.48,1.264,1.084,0.998,0.85,0.74,0.652,0.56,0.485,0.426,0.387,0.356,0.343,0.307,2.85E-01,0.256,0.239,0.238,0.227,0.23,0.221,0.226,0.212,0.224,0.207,0.229,2.27E-01,0.223,0.213,0.204,0.206,0.195,0.177,0.195,0.19,0.165,0.158,0.166,0.171,0.165,0.139,0.13,0.146,0.127,0.138,0.15,0.121,0.13,0.14,0.131,0.137,0.109,0.128,0.131,0.123,0.091,0.103,0.105,0.106,0.101,0.102,0.103,0.099,0.1,0.106,0.088,0.054,D,02
E02,310.14,1.74,1.66,6.283,5.877,5.558,5.293,5.008,4.751,4.47,4.27,4.127,4.029,3.929,3.875,3.837,3.805,3.785,3.797,3.819,3.857,3.952,4.056,4.178,4.335,4.473,4.624,4.774,4.942,5.032,5.222,5.389,5.539,5.699,5.823,5.969,6.106,6.233,6.305,6.38,6.421,6.433,6.416,6.399,6.377,6.326,6.264,6.199,6.092,5.957,5.8,5.67,5.532,5.377,5.223,5.047,4.889,4.758,4.576,4.377,4.193,4.103,3.934,3.761,3.562,3.369,3.181,2.983,2.764,2.583,2.397,2.21,2.014,1.838,1.645,1.482,1.313,1.147,0.993,0.864,0.81,0.711,0.644,0.578,0.53,0.466,0.439,0.407,0.39,0.4,0.351,0.336,0.315,0.314,0.315,0.291,0.283,0.294,0.297,0.301,0.293,0.277,0.28,0.298,0.301,0.274,0.27,0.267,0.262,0.219,0.228,0.238,0.255,0.259,0.236,0.228,0.223,0.2,0.205,0.221,0.216,0.215,0.21,0.196,0.224,0.185,0.189,0.212,0.197,0.183,0.165,0.145,0.157,0.185,1.99E-01,0.177,0.155,0.138,0.139,0.141,0.141,1.08E-01,0.108,0.102,E,02
F02,306.37,1.74,1.62,6.31,5.976,5.694,5.38,5.114,4.786,4.573,4.371,4.194,4.074,3.97,3.906,3.867,3.833,3.81,3.806,3.824,3.853,3.939,4.035,4.152,4.295,4.435,4.581,4.724,4.898,4.991,5.162,5.317,5.484,5.627,5.763,5.901,6.047,6.157,6.222,6.286,6.347,6.366,6.338,6.324,6.316,6.268,6.199,6.12,6.011,5.881,5.733,5.603,5.473,5.317,5.16,5.008,4.849,4.7,4.534,4.339,4.17,4.089,3.905,3.717,3.53,3.356,3.179,2.97,2.756,2.57,2.386,2.219,2.022,1.844,1.662,1.48,1.338,1.169,1.015,0.896,0.831,0.733,0.674,0.604,0.537,0.485,0.456,0.409,0.404,0.407,0.373,0.343,0.332,0.322,0.324,0.309,2.95E-01,3.03E-01,0.324,0.318,0.316,0.275,0.273,2.77E-01,2.95E-01,0.316,0.274,0.261,0.262,0.248,0.239,0.264,0.275,0.252,0.263,0.223,0.24,0.222,2.20E-01,0.24,0.219,0.212,0.224,1.97E-01,0.192,0.18,0.192,0.17,0.194,2.03E-01,0.181,0.194,0.184,0.184,0.177,0.19,1.65E-01,0.172,0.175,0.167,0.144,0.163,1.51E-01,0.139,F,02
G02,357.355,1.77,0.35,33.179,31.756,31.174,30.585,30.002,28.683,27.22,25.519,23.788,22.169,20.627,19.081,18.318,16.811,15.239,13.707,12.324,11.142,10.14,9.282,8.484,7.851,7.398,7.109,6.923,6.794,6.743,6.673,6.675,6.713,6.766,6.842,6.95,7.042,7.12,7.184,7.222,7.275,7.284,7.253,7.218,7.198,7.152,7.085,6.996,6.857,6.712,6.54,6.389,6.229,6.048,5.857,5.667,5.484,5.307,5.1,4.855,4.658,4.553,4.347,4.118,3.887,3.671,3.453,3.202,2.934,2.72,2.505,2.279,2.052,1.843,1.627,1.438,1.252,1.045,0.886,0.734,0.673,0.567,0.48,0.425,0.36,0.295,0.254,0.23,0.215,0.223,0.201,0.179,0.163,0.147,0.16,0.13,0.132,0.138,0.139,0.131,0.141,0.135,0.139,0.146,0.146,0.148,0.116,0.126,0.115,0.112,0.112,0.126,0.105,0.107,0.11,0.104,0.119,0.1,0.087,0.097,0.081,0.077,0.068,0.071,0.086,0.088,9.50E-02,0.077,0.051,0.058,0.062,0.075,0.056,0.067,0.08,0.057,0.021,0.011,0.031,0.036,0.027,0.023,0.009,-0.003,G,02
H02,393.735,1.79,1.83,6.796,6.504,6.094,5.77,5.476,5.186,4.951,4.76,4.613,4.493,4.38,4.32,4.289,4.31,4.31,4.335,4.412,4.498,4.646,4.79,4.98,5.203,5.438,5.65,5.842,6.072,6.201,6.454,6.677,6.885,7.062,7.24,7.428,7.594,7.739,7.837,7.915,7.973,7.989,7.996,7.955,7.919,7.851,7.755,7.644,7.508,7.332,7.128,6.952,6.778,6.571,6.379,6.176,5.973,5.769,5.547,5.298,5.064,4.952,4.728,4.489,4.25,4.001,3.765,3.517,3.251,2.986,2.755,2.505,2.258,2.027,1.82,1.589,1.397,1.193,1.01,0.862,0.792,0.659,0.57,0.503,0.435,0.367,0.317,0.286,0.263,0.266,0.222,0.201,0.198,0.181,0.18,0.143,0.155,0.162,0.154,0.148,0.166,1.48E-01,0.13,0.146,0.157,0.165,0.153,0.146,0.151,0.133,0.115,0.125,0.116,0.11,0.103,0.114,0.138,0.097,0.072,0.081,0.097,7.70E-02,0.083,0.081,0.079,0.053,0.084,0.088,0.083,0.091,0.079,0.08,0.072,4.80E-02,0.057,0.078,0.041,0.046,9.10E-02,0.085,0.056,0.042,0.043,0.046,H,02
A03,322.77,1.76,1.66,6.439,6.154,5.786,5.427,5.191,4.904,4.636,4.477,4.32,4.216,4.11,4.051,4.023,4.008,3.972,3.988,4.027,4.081,4.163,4.274,4.419,4.567,4.726,4.88,5.018,5.199,5.293,5.472,5.649,5.808,5.96,6.111,6.272,6.395,6.51,6.599,6.651,6.693,6.71,6.695,6.669,6.642,6.584,6.514,6.436,6.314,6.178,6.023,5.875,5.747,5.584,5.403,5.242,5.067,4.915,4.739,4.537,4.355,4.26,4.069,3.876,3.673,3.491,3.297,3.102,2.883,2.681,2.475,2.295,2.104,1.911,1.723,1.556,1.385,1.189,1.049,0.914,0.848,0.753,0.684,0.603,0.547,0.495,4.47E-01,0.431,0.412,0.403,0.37,0.342,0.344,0.305,0.293,0.293,0.304,0.305,0.302,0.305,0.285,0.268,0.256,0.263,0.289,0.286,0.248,0.268,2.70E-01,0.261,0.243,0.252,0.253,0.253,0.24,0.228,0.239,0.214,0.207,0.227,0.21,0.2,0.198,2.14E-01,0.2,0.174,0.196,0.172,0.155,1.45E-01,0.167,0.171,1.73E-01,2.01E-01,0.176,1.81E-01,0.159,0.133,1.43E-01,1.26E-01,0.141,0.132,1.31E-01,0.139,A,03
B03,320.945,1.75,1.22,8.834,8.431,8.089,7.741,7.352,6.967,6.585,6.237,5.912,5.65,5.408,5.262,5.17,4.996,4.836,4.706,4.601,4.553,4.544,4.551,4.612,4.688,4.796,4.905,5.025,5.191,5.26,5.413,5.574,5.719,5.863,6.004,6.153,6.288,6.394,6.478,6.528,6.564,6.58,6.581,6.564,6.543,6.487,6.421,6.319,6.209,6.085,5.926,5.785,5.644,5.493,5.326,5.16,4.998,4.846,4.654,4.446,4.274,4.196,4.011,3.821,3.618,3.425,3.226,3.032,2.821,2.627,2.427,2.229,2.049,1.849,1.664,1.482,1.312,1.148,1.011,0.872,0.815,0.704,0.628,0.541,0.481,0.436,0.394,0.373,0.35,0.348,0.313,0.276,0.269,0.264,0.265,0.251,0.263,0.252,0.243,0.243,0.253,0.22,0.227,0.248,0.256,0.235,0.203,0.222,0.219,0.225,0.208,0.212,0.191,0.188,0.195,0.176,0.182,0.181,0.184,0.166,0.171,0.142,0.138,0.145,0.152,0.164,0.153,0.167,0.146,0.15,0.129,0.117,0.135,0.14,0.123,0.117,0.117,0.098,0.128,0.123,0.094,0.09,0.093,0.089,B,03
C03,398.59,1.75,2.06,6.562,6.13,5.821,5.434,5.148,4.864,4.576,4.385,4.239,4.115,3.991,3.991,3.983,3.977,3.984,4.015,4.088,4.204,4.354,4.508,4.714,4.928,5.168,5.393,5.599,5.869,6.001,6.261,6.519,6.748,6.954,7.163,7.375,7.571,7.741,7.87,7.972,8.061,8.111,8.111,8.097,8.074,8.016,7.944,7.848,7.706,7.546,7.35,7.181,7.016,6.812,6.616,6.401,6.187,5.991,5.737,5.5,5.278,5.165,4.934,4.682,4.431,4.178,3.938,3.677,3.397,3.144,2.886,2.634,2.387,2.151,1.901,1.676,1.484,1.263,1.10E+00,0.94,0.862,0.747,0.639,0.562,0.503,0.437,3.90E-01,0.351,0.34,0.294,0.272,0.245,0.227,0.198,0.213,0.217,0.245,0.219,0.214,0.215,0.209,0.17,0.195,0.21,0.213,0.199,0.18,2.13E-01,0.192,0.168,0.166,0.166,0.169,0.157,0.162,0.138,0.155,0.15,0.148,0.13,0.128,0.116,0.113,0.125,0.105,0.119,0.141,0.12,1.06E-01,1.17E-01,0.082,0.088,0.092,0.086,0.092,0.097,0.075,0.089,0.102,0.09,0.088,0.1,0.102,0.102,C,03
D03,398.26,1.77,0.7,19.494,18.938,18.386,17.638,16.775,15.962,14.967,14.009,12.996,12.186,11.482,10.82,10.482,9.823,9.144,8.47,7.886,7.422,7.072,6.768,6.561,6.391,6.327,6.322,6.362,6.487,6.54,6.663,6.808,6.965,7.135,7.297,7.469,7.633,7.784,7.882,7.981,8.05,8.082,8.087,8.067,8.04,7.975,7.891,7.801,7.668,7.497,7.316,7.141,6.971,6.783,6.554,6.36,6.138,5.94,5.703,5.454,5.227,5.106,4.866,4.61,4.345,4.093,3.844,3.606,3.315,3.067,2.804,2.564,2.31,2.057,1.827,1.606,1.401,1.184,1.008,0.837,0.764,0.653,0.55,0.473,0.421,0.352,0.324,0.294,0.265,0.238,0.225,0.211,0.189,0.19,0.183,0.166,0.162,0.168,0.143,0.165,0.154,0.132,0.144,0.153,0.159,0.156,0.128,0.153,0.168,0.137,0.124,0.127,0.119,0.124,0.11,0.092,0.107,0.106,0.087,0.103,0.113,0.108,0.091,0.102,0.078,0.079,0.109,0.095,0.073,0.102,0.065,0.069,0.062,0.055,0.07,0.066,0.048,0.035,0.057,0.048,4.40E-02,0.044,0.052,0.041,D,03
E03,426.295,1.79,1.17,11.831,11.394,10.943,10.52,10.064,9.517,9.031,8.519,8.083,7.722,7.403,7.19,7.07,6.808,6.577,6.36,6.241,6.144,6.108,6.112,6.187,6.302,6.451,6.583,6.729,6.941,7.045,7.249,7.464,7.647,7.831,8.018,8.197,8.358,8.501,8.595,8.653,8.693,8.71,8.7,8.653,8.611,8.522,8.421,8.305,8.136,7.939,7.737,7.527,7.353,7.114,6.89,6.684,6.452,6.237,5.996,5.739,5.504,5.388,5.141,4.879,4.616,4.36,4.109,3.867,3.599,3.363,3.123,2.877,2.636,2.387,2.143,1.905,1.669,1.421,1.214,1.022,0.935,0.794,0.683,0.578,0.502,0.45,0.397,0.354,0.341,0.312,0.275,0.252,0.232,0.215,0.22,0.192,0.207,0.209,0.195,0.197,0.204,0.17,0.18,0.207,0.217,0.213,0.162,0.19,0.194,0.164,0.185,0.177,0.141,0.151,0.148,0.134,0.148,0.129,0.13,0.166,0.143,0.127,0.12,0.127,0.129,0.098,0.114,0.122,0.104,0.106,0.084,0.091,0.096,0.102,0.11,0.106,0.084,0.085,0.082,0.074,0.052,0.055,0.05,0.042,E,03
F03,339.87,1.79,1.42,7.721,7.425,7.058,6.722,6.406,6.081,5.766,5.502,5.226,5.047,4.893,4.786,4.736,4.644,4.545,4.5,4.458,4.476,4.531,4.591,4.697,4.843,4.996,5.133,5.271,5.465,5.555,5.735,5.913,6.074,6.237,6.383,6.54,6.673,6.784,6.868,6.917,6.943,6.953,6.945,6.909,6.887,6.813,6.729,6.628,6.501,6.344,6.165,6.019,5.867,5.686,5.502,5.327,5.159,4.995,4.793,4.59,4.405,4.312,4.115,3.914,3.71,3.506,3.305,3.115,2.893,2.71,2.517,2.325,2.124,1.935,1.743,1.541,1.362,1.181,1.006,0.852,0.784,0.664,0.576,0.503,0.439,0.372,0.336,0.306,0.278,0.267,0.241,0.213,0.192,0.196,0.186,0.165,0.186,0.18,0.163,0.167,0.168,0.159,0.158,0.17,0.188,0.196,0.159,0.168,0.177,0.13,0.133,0.143,0.143,0.157,0.137,0.121,0.136,0.116,0.121,0.127,0.124,0.123,0.106,0.111,0.076,0.08,1.00E-01,0.095,0.079,0.083,0.057,0.086,0.107,0.059,0.101,0.089,0.06,0.045,0.061,0.069,0.058,0.054,0.049,0.051,F,03
G03,359.45,1.8,1.91,6.111,5.855,5.594,5.338,5.034,4.817,4.623,4.471,4.378,4.29,4.229,4.234,4.226,4.232,4.271,4.332,4.415,4.529,4.685,4.846,5.023,5.231,5.44,5.633,5.816,6.029,6.144,6.374,6.575,6.752,6.912,7.077,7.245,7.391,7.503,7.606,7.663,7.687,7.705,7.685,7.652,7.619,7.551,7.467,7.344,7.214,7.045,6.857,6.701,6.541,6.344,6.152,5.979,5.792,5.62,5.41,5.179,4.98,4.877,4.677,4.453,4.236,4.016,3.797,3.608,3.39,3.185,2.97,2.781,2.577,2.372,2.166,1.975,1.795,1.562,1.379,1.232,1.156,1.038,0.952,0.872,0.807,0.747,0.695,0.668,0.642,0.624,0.598,0.57,0.561,5.39E-01,0.555,0.526,0.54,0.543,0.538,0.527,0.518,0.509,0.501,0.511,0.531,0.53,0.497,0.513,0.506,0.504,0.492,0.494,0.495,0.493,0.475,0.487,0.493,0.455,0.473,0.478,0.467,0.443,0.435,0.463,0.469,0.451,4.43E-01,0.405,0.421,0.427,0.423,0.454,4.29E-01,0.42,0.429,4.18E-01,0.398,0.399,4.23E-01,0.402,0.389,3.93E-01,0.392,0.387,G,03
H03,501.865,1.82,1.32,11.795,11.398,10.925,10.491,10.044,9.57,9.128,8.69,8.315,7.999,7.755,7.567,7.491,7.348,7.192,7.084,7.039,7.045,7.085,7.167,7.328,7.514,7.728,7.928,8.122,8.372,8.503,8.759,8.997,9.212,9.421,9.617,9.835,10.004,10.139,10.235,10.295,10.306,10.306,10.251,10.179,10.139,10.021,9.888,9.721,9.523,9.28,9.019,8.774,8.541,8.28,8.003,7.747,7.496,7.251,6.962,6.658,6.37,6.235,5.959,5.654,5.351,5.044,4.767,4.492,4.188,3.917,3.635,3.361,3.064,2.782,2.503,2.235,1.964,1.684,1.435,1.219,1.123,0.966,0.833,0.707,0.606,0.534,0.466,0.433,3.97E-01,0.362,0.33,0.32,0.304,0.27,0.267,0.252,2.52E-01,0.239,0.233,0.252,0.245,0.236,0.239,0.262,0.27,0.254,0.214,0.238,0.235,0.198,0.202,0.212,0.199,0.215,0.2,0.179,0.199,0.173,0.174,0.179,0.165,0.162,0.136,0.142,0.145,0.13,0.133,0.106,0.113,0.116,0.113,0.138,0.144,0.148,0.141,0.143,0.115,0.094,0.118,0.121,0.104,0.102,0.09,0.096,H,03
A04,461.33,1.79,0.62,24.706,24.047,23.338,22.595,21.735,20.666,19.281,18.096,16.904,15.896,14.928,14.076,13.641,12.775,11.896,11.013,10.272,9.652,9.138,8.736,8.434,8.197,8.063,7.998,8.007,8.108,8.156,8.253,8.368,8.505,8.662,8.81,8.961,9.111,9.252,9.34,9.399,9.44,9.434,9.395,9.331,9.281,9.187,9.081,8.948,8.78,8.571,8.332,8.118,7.919,7.673,7.42,7.184,6.948,6.732,6.464,6.177,5.908,5.789,5.53,5.255,4.958,4.663,4.384,4.125,3.827,3.562,3.305,3.035,2.758,2.489,2.235,1.975,1.724,1.468,1.24,1.04,0.948,0.8,0.691,0.579,0.496,0.418,3.56E-01,0.332,0.298,0.267,0.239,0.225,0.202,1.89E-01,0.177,1.65E-01,0.19,0.164,0.145,0.161,0.168,0.142,0.151,0.152,0.166,0.176,0.133,0.161,1.50E-01,0.136,0.133,0.134,0.099,0.102,0.1,0.114,0.125,0.108,0.112,9.70E-02,0.093,0.085,0.099,0.104,0.086,6.30E-02,0.089,0.071,0.042,0.059,0.06,0.051,0.078,0.068,0.086,0.047,0.039,0.03,0.045,0.04,8.00E-03,0.013,0.018,0.008,A,04
B04,356.79,1.76,1.68,6.996,6.562,6.215,5.872,5.554,5.351,5.09,4.854,4.648,4.521,4.428,4.386,4.357,4.332,4.298,4.288,4.329,4.416,4.518,4.63,4.798,4.976,5.157,5.332,5.496,5.699,5.804,6.004,6.21,6.388,6.571,6.735,6.901,7.056,7.182,7.271,7.348,7.369,7.382,7.356,7.322,7.304,7.246,7.172,7.072,6.934,6.762,6.598,6.438,6.283,6.091,5.907,5.72,5.551,5.383,5.175,4.952,4.731,4.627,4.447,4.229,3.987,3.779,3.568,3.356,3.129,2.933,2.737,2.53E+00,2.325,2.124,1.907,1.695,1.509,1.306,1.129,0.975,0.896,0.786,0.703,0.61,0.552,0.498,0.453,0.418,0.405,0.37,0.352,0.33,0.317,0.286,0.292,0.284,0.298,0.286,0.273,0.277,0.278,0.258,0.263,0.273,0.281,0.289,0.26,0.26,0.227,2.18E-01,0.23,0.215,0.226,0.24,0.214,0.216,0.219,0.193,0.225,0.23,0.212,0.17,1.68E-01,0.186,0.207,0.197,0.204,0.166,0.151,0.175,0.163,0.18,0.173,1.95E-01,0.192,0.166,0.144,0.159,0.177,0.17,0.151,0.141,0.145,0.134,B,04
C04,239.5,1.78,1.15,7.041,6.763,6.45,6.21,5.892,5.614,5.285,5.026,4.729,4.489,4.319,4.181,4.1,3.955,3.831,3.709,3.603,3.559,3.53,3.525,3.555,3.606,3.678,3.75,3.835,3.962,4.022,4.127,4.239,4.358,4.458,4.57,4.679,4.769,4.853,4.913,4.955,4.977,4.985,4.966,4.949,4.932,4.886,4.837,4.773,4.686,4.572,4.442,4.338,4.245,4.12,3.987,3.869,3.754,3.626,3.47,3.329,3.185,3.121,2.984,2.85,2.691,2.548,2.41,2.271,2.107,1.975,1.827,1.696,1.558,1.419,1.272,1.137,1.011,0.861,0.749,0.639,0.594,0.524,0.478,0.404,0.363,0.326,0.298,0.284,0.289,0.266,0.248,0.222,0.215,0.197,0.201,0.193,2.21E-01,0.217,0.203,0.205,1.92E-01,0.189,0.195,0.188,0.197,0.197,0.183,0.222,0.195,0.167,0.178,0.154,0.175,0.207,0.184,0.171,0.175,0.143,0.158,0.181,0.153,0.155,0.159,0.159,0.155,0.148,0.171,0.145,0.133,0.139,0.114,0.119,0.151,0.133,0.13,0.133,1.03E-01,9.80E-02,0.104,0.099,0.086,0.095,9.50E-02,0.116,C,04
D04,373.985,1.77,1.35,9.049,8.751,8.38,7.911,7.511,7.212,6.799,6.44,6.108,5.854,5.64,5.48,5.393,5.262,5.128,5.016,4.946,4.94,4.956,4.999,5.128,5.259,5.397,5.541,5.702,5.904,5.995,6.199,6.404,6.582,6.761,6.936,7.108,7.257,7.389,7.496,7.579,7.63,7.639,7.618,7.585,7.558,7.498,7.424,7.302,7.162,7.005,6.811,6.64,6.476,6.292,6.088,5.892,5.713,5.536,5.3,5.079,4.87,4.761,4.54,4.332,4.09,3.868,3.647,3.418,3.178,2.949,2.724,2.522,2.313,2.087,1.855,1.652,1.446,1.238,1.059,0.888,0.813,0.691,0.597,0.515,0.445,0.378,0.345,3.21E-01,0.296,0.266,0.251,0.23,0.193,0.174,0.175,0.184,0.196,0.172,0.163,0.163,0.168,0.161,0.179,0.197,0.199,0.181,0.145,0.161,0.163,0.137,0.154,0.147,0.127,0.13,0.138,0.141,0.133,0.107,0.099,0.116,0.095,0.106,0.104,0.105,0.1,0.109,0.102,0.09,0.071,0.08,0.069,0.083,0.069,0.078,0.074,0.086,0.082,0.074,0.068,0.062,0.058,0.062,0.057,0.04,D,04
E04,630.84,1.78,1.5,13.355,12.771,12.111,11.553,11.052,10.529,9.937,9.508,9.122,8.807,8.533,8.351,8.259,8.104,7.989,7.902,7.877,7.935,8.048,8.191,8.422,8.722,9.008,9.29,9.58,9.925,10.099,10.47,10.807,11.099,11.414,11.689,11.966,12.227,12.461,12.613,12.742,12.818,12.828,12.811,12.739,12.687,12.567,12.438,12.25,12,11.711,11.414,11.13,10.828,10.512,10.187,9.859,9.519,9.212,8.861,8.489,8.11,7.929,7.563,7.205,6.806,6.427,6.044,5.67,5.274,4.914,4.545,4.191,3.813,3.448,3.07,2.723,2.375,2.031,1.718,1.435,1.306,1.099,0.942,0.795,0.676,0.562,0.496,0.442,0.395,0.358,0.317,0.308,0.276,0.241,0.233,0.225,0.226,0.229,0.223,0.23,0.221,2.04E-01,0.211,0.231,0.242,0.222,0.181,0.2,0.205,0.168,0.171,0.185,0.165,0.194,1.59E-01,0.161,0.152,0.129,0.138,0.156,0.145,0.137,0.128,0.122,0.133,0.105,0.112,0.116,0.099,0.098,0.09,0.075,0.083,0.116,0.129,0.105,0.088,5.60E-02,0.077,8.60E-02,0.078,0.054,0.045,0.033,E,04
F04,158.195,1.79,1.58,3.287,3.141,3.067,2.852,2.684,2.542,2.426,2.307,2.227,2.151,2.079,2.058,2.029,1.994,1.984,1.986,1.99,2.005,2.047,2.084,2.14,2.211,2.29,2.367,2.431,2.53,2.58,2.652,2.725,2.807,2.893,2.976,3.055,3.126,3.173,3.213,3.25,3.266,3.26,3.244,3.245,3.228,3.195,3.164,3.121,3.06,2.988,2.901,2.821,2.765,2.681,2.593,2.518,2.43,2.357,2.274,2.159,2.071,2.024,1.936,1.853,1.748,1.645,1.55,1.472,1.351,1.262,1.179,1.104,1.008,0.911,0.813,0.719,0.639,0.554,0.472,0.399,0.36,0.317,0.288,0.237,0.212,0.176,0.176,0.151,0.152,0.148,0.137,0.123,0.112,0.088,0.1,0.103,0.095,0.094,0.109,0.111,0.112,0.066,0.076,0.1,0.131,0.135,0.073,0.076,0.089,0.066,0.06,0.082,0.077,0.072,0.087,0.065,0.077,0.082,0.084,0.087,0.087,0.046,0.073,0.081,0.048,0.053,0.069,0.055,0.051,0.05,0.048,0.077,0.072,0.067,0.074,0.068,0.044,0.053,0.069,0.067,0.023,0.043,0.048,0.039,F,04
G04,600.82,1.79,2.03,8.888,8.409,8.043,7.672,7.279,6.92,6.632,6.418,6.249,6.13,6.064,6.056,6.057,6.097,6.162,6.277,6.465,6.666,6.911,7.192,7.521,7.896,8.268,8.602,8.929,9.303,9.498,9.885,10.236,10.527,10.825,11.115,11.393,11.632,11.851,12.001,12.112,12.197,12.231,12.204,12.147,12.101,11.994,11.867,11.677,11.441,11.171,10.873,10.601,10.327,10.028,9.705,9.4,9.084,8.771,8.448,8.079,7.736,7.556,7.213,6.856,6.495,6.127,5.779,5.429,5.046,4.689,4.352,4.009,3.666,3.321,2.969,2.63,2.303,1.965,1.673,1.404,1.286,1.09,0.929,0.803,0.687,0.578,0.507,0.462,0.418,0.376,0.346,0.322,0.288,0.261,0.261,0.249,2.52E-01,0.235,0.228,0.237,2.35E-01,0.223,0.23,0.254,0.258,0.233,0.202,0.225,0.217,0.206,0.199,0.209,0.186,0.186,0.186,0.186,0.186,0.164,0.156,0.167,0.165,0.138,1.22E-01,0.13,0.125,0.129,0.133,0.112,0.092,0.111,0.098,0.106,0.117,0.106,0.112,0.107,0.07,0.067,0.082,0.084,0.08,0.09,0.085,0.061,G,04
H04,209.175,1.85,0.76,8.934,8.689,8.352,8.023,7.723,7.325,6.924,6.58,6.21,5.874,5.578,5.342,5.213,4.983,4.722,4.456,4.282,4.112,4,3.891,3.834,3.805,3.812,3.819,3.854,3.913,3.931,3.978,4.056,4.115,4.174,4.232,4.28,4.324,4.365,4.394,4.394,4.377,4.347,4.325,4.28,4.245,4.181,4.124,4.057,3.969,3.864,3.74,3.64,3.54,3.428,3.314,3.215,3.108,3.011,2.901,2.761,2.642,2.589,2.484,2.357,2.238,2.117,1.997,1.873,1.752,1.636,1.521,1.393,1.286,1.174,1.072,0.95,0.838,0.732,0.639,0.552,0.52,0.444,0.389,0.355,0.309,0.258,0.241,0.231,0.215,0.205,1.75E-01,0.168,0.164,0.145,0.154,0.129,0.151,0.144,0.141,0.131,0.137,0.127,0.121,0.148,0.164,0.144,0.12,0.153,0.155,0.132,0.129,0.128,1.17E-01,0.114,1.12E-01,0.12,0.136,0.121,0.089,0.094,0.109,0.093,0.082,0.097,0.089,0.079,0.105,0.104,0.095,0.102,6.90E-02,0.082,1.02E-01,0.073,0.072,0.092,0.069,6.10E-02,0.087,0.1,0.082,0.069,0.067,0.078,H,04
A05,456.08,1.78,1.49,9.969,9.586,9.106,8.72,8.347,7.838,7.424,7.075,6.774,6.502,6.305,6.175,6.091,5.96,5.866,5.794,5.765,5.761,5.837,5.949,6.114,6.297,6.505,6.714,6.918,7.158,7.297,7.566,7.816,8.046,8.252,8.476,8.705,8.888,9.037,9.185,9.271,9.33,9.361,9.344,9.307,9.268,9.191,9.107,8.978,8.809,8.6,8.379,8.159,7.965,7.747,7.495,7.258,7.017,6.782,6.531,6.248,5.985,5.86,5.585,5.302,5.024,4.746,4.469,4.207,3.897,3.615,3.33,3.075,2.788,2.518,2.254,2.003,1.766,1.505,1.288,1.102,1.014,0.876,0.765,0.666,0.59,0.506,0.447,0.413,0.386,0.382,0.334,0.298,0.286,0.259,0.272,0.269,0.255,0.253,0.251,0.249,0.256,0.247,0.234,0.225,0.25,0.247,0.215,0.209,0.204,0.211,0.211,0.225,2.12E-01,0.231,0.206,0.18,0.188,0.182,0.165,0.184,0.167,0.156,0.162,0.185,0.181,0.153,0.161,0.134,0.102,0.105,0.138,0.125,0.114,0.153,0.131,0.143,1.00E-01,0.107,0.117,0.101,0.09,0.102,0.109,0.1,A,05
B05,426.52,1.76,1.58,8.809,8.443,8.033,7.721,7.292,6.87,6.536,6.183,5.955,5.73,5.551,5.451,5.393,5.279,5.201,5.155,5.146,5.169,5.256,5.357,5.54,5.724,5.925,6.137,6.321,6.564,6.693,6.958,7.203,7.422,7.63,7.841,8.056,8.254,8.402,8.517,8.616,8.686,8.721,8.723,8.687,8.66,8.595,8.516,8.387,8.245,8.06,7.851,7.658,7.483,7.277,7.042,6.819,6.599,6.38,6.13,5.859,5.615,5.512,5.272,4.996,4.732,4.469,4.203,3.95,3.67,3.398,3.134,2.892,2.63,2.37,2.107,1.863,1.655,1.428,1.23,1.058,0.978,0.838,0.735,0.637,0.552,0.486,0.431,0.396,0.374,0.371,0.327,0.29,0.273,0.28,0.278,0.279,0.266,0.253,0.237,0.238,2.48E-01,0.233,0.237,0.24,0.25,0.254,0.23,2.14E-01,0.206,0.223,0.207,0.208,0.208,0.223,0.208,0.16,0.171,0.19,0.177,0.147,0.174,0.154,0.137,0.157,0.158,0.159,0.151,0.159,0.139,0.155,0.149,0.13,0.125,0.137,0.145,0.131,0.121,0.107,0.125,0.116,0.102,0.109,0.101,0.087,B,05
C05,365.45,1.75,1.23,10.04,9.646,9.274,8.87,8.407,7.943,7.509,7.053,6.724,6.38,6.12,5.93,5.814,5.603,5.417,5.245,5.111,5.029,5.013,5.021,5.096,5.178,5.298,5.432,5.561,5.751,5.862,6.057,6.246,6.427,6.593,6.757,6.93,7.08,7.212,7.326,7.401,7.475,7.513,7.498,7.468,7.444,7.396,7.32,7.233,7.103,6.952,6.764,6.591,6.449,6.281,6.086,5.883,5.701,5.518,5.308,5.08,4.875,4.785,4.569,4.335,4.109,3.889,3.659,3.433,3.191,2.964,2.726,2.515,2.287,2.07,1.851,1.64,1.464,1.26,1.098,0.947,0.877,0.768,0.665,0.6,0.53,0.45,0.405,0.361,0.362,0.327,0.303,0.27,2.52E-01,2.36E-01,0.253,0.248,0.251,2.32E-01,0.239,0.245,0.226,0.21,0.232,0.224,0.241,0.252,0.234,0.237,2.07E-01,0.183,0.203,0.2,1.99E-01,0.215,0.202,0.17,0.173,0.193,0.192,1.59E-01,0.151,1.26E-01,0.127,0.159,0.137,0.154,0.162,0.152,0.147,0.155,0.115,0.114,0.105,0.124,0.127,0.127,0.097,0.101,0.126,0.125,0.119,1.31E-01,0.133,0.121,C,05
D05,318.725,1.76,2.05,5.072,4.806,4.532,4.249,4.038,3.81E+00,3.638,3.466,3.385,3.303,3.255,3.238,3.232,3.25,3.282,3.307,3.394,3.481,3.617,3.748,3.94,4.098,4.289,4.459,4.629,4.852,4.961,5.158,5.351,5.529,5.708,5.864,6.022,6.166,6.293,6.376,6.463,6.517,6.551,6.548,6.52,6.498,6.456,6.392,6.308,6.2,6.068,5.906,5.764,5.632,5.478,5.302,5.143,4.975,4.821,4.622,4.427,4.265,4.172,3.976,3.769,3.57,3.383,3.189,2.984,2.759,2.581,2.377,2.209,1.997,1.795,1.614,1.429,1.272,1.105,0.943,0.806,0.749,0.654,0.57,0.514,0.47,0.391,0.362,0.325,0.304,0.302,0.277,0.271,0.244,0.245,0.252,0.231,0.22,0.222,0.202,0.216,0.2,0.197,0.208,0.194,0.213,0.242,0.209,0.199,0.2,0.184,0.177,0.177,0.164,0.192,0.182,0.155,0.162,0.172,0.151,0.141,0.151,0.166,0.146,0.146,0.124,0.123,0.147,0.141,0.127,0.153,0.133,0.125,0.087,9.20E-02,1.12E-01,0.126,0.109,0.094,0.117,1.13E-01,0.093,0.105,0.12,0.105,D,05
E05,235.84,1.73,1.83,4.357,4.164,3.915,3.702,3.5,3.297,3.151,2.975,2.885,2.802,2.744,2.725,2.706,2.674,2.664,2.655,2.703,2.742,2.817,2.899,3.009,3.132,3.274,3.387,3.493,3.643,3.72,3.859,4.002,4.127,4.241,4.364,4.492,4.583,4.678,4.757,4.812,4.867,4.891,4.895,4.878,4.859,4.83,4.787,4.724,4.652,4.555,4.449,4.351,4.272,4.135,4.015,3.904,3.767,3.655,3.507,3.353,3.234,3.176,3.034,2.884,2.735,2.595,2.432,2.278,2.116,1.979,1.837,1.695,1.545,1.398,1.259,1.123,1.014,0.875,0.765,0.668,0.625,0.559,0.497,0.452,0.413,0.381,0.351,0.325,0.338,0.34,0.298,0.289,0.262,0.245,0.249,0.248,0.25,0.246,0.241,0.227,0.239,0.214,0.221,0.232,0.241,0.258,0.213,0.213,0.218,0.196,0.228,0.216,0.183,0.207,0.196,0.166,0.191,0.18,0.165,0.195,0.194,0.172,0.163,0.162,0.164,0.144,0.165,0.174,0.17,0.174,0.152,0.151,0.124,0.139,0.158,0.141,0.119,1.31E-01,0.133,0.124,0.116,0.129,0.131,0.112,E,05
F05,297.25,1.73,1.47,7.118,6.763,6.396,6.044,5.791,5.469,5.202,4.934,4.706,4.55,4.447,4.345,4.302,4.216,4.148,4.108,4.052,4.051,4.098,4.148,4.235,4.343,4.479,4.611,4.725,4.893,4.977,5.144,5.319,5.476,5.62,5.752,5.905,6.038,6.153,6.243,6.286,6.333,6.371,6.371,6.36,6.351,6.313,6.257,6.187,6.085,5.95,5.813,5.698,5.569,5.414,5.27,5.114,4.977,4.824,4.643,4.471,4.296,4.214,4.037,3.857,3.674,3.48,3.289,3.115,2.908,2.725,2.539,2.357,2.154,1.982,1.804,1.622,1.484,1.329,1.197,1.077,1.02,0.932,0.865,0.803,0.748,0.695,0.659,0.628,0.61,0.609,0.578,0.561,0.528,0.539,0.542,0.527,0.52,0.51,0.499,0.504,0.491,0.48,0.499,0.483,0.5,0.522,0.504,0.487,0.472,0.435,0.453,0.459,0.464,0.491,0.455,0.414,0.448,0.439,0.425,0.418,0.419,0.428,0.407,0.415,0.384,0.391,0.396,0.399,0.368,0.389,3.80E-01,0.373,0.356,0.345,0.382,0.369,0.354,0.336,0.347,0.366,0.35,0.349,0.343,0.318,F,05
G05,242.985,1.75,0.97,8.738,8.464,8.074,7.768,7.427,6.965,6.555,6.148,5.803,5.451,5.176,4.965,4.843,4.606,4.381,4.171,3.991,3.832,3.748,3.683,3.669,3.677,3.709,3.756,3.818,3.92,3.978,4.095,4.212,4.317,4.424,4.527,4.646,4.755,4.843,4.916,4.956,4.991,5.027,5.023,5.003,4.987,4.962,4.918,4.856,4.776,4.677,4.553,4.45,4.361,4.237,4.104,3.976,3.839,3.719,3.579,3.428,3.285,3.217,3.089,2.923,2.771,2.612,2.461,2.306,2.138,1.982,1.83,1.689,1.527,1.386,1.222,1.087,0.98,0.839,0.717,0.623,0.579,0.513,0.46,0.419,0.379,0.331,0.301,0.273,0.272,0.279,0.232,0.228,0.209,0.202,0.214,0.198,0.198,0.207,0.196,0.186,0.179,0.181,0.187,0.176,0.195,0.22,0.192,0.183,0.17,0.16,0.175,0.178,0.174,0.185,0.171,0.168,0.171,0.162,0.164,0.153,0.152,0.131,0.105,0.143,0.146,0.139,0.138,0.098,0.111,0.134,1.27E-01,0.15,0.113,0.129,0.135,0.13,0.085,0.074,0.12,1.03E-01,0.075,0.119,0.103,0.081,G,05
H05,290.69,1.78,1.17,8.222,7.973,7.582,7.28,6.916,6.494,6.171,5.841,5.553,5.283,5.107,4.958,4.869,4.726,4.575,4.444,4.346,4.287,4.281,4.27,4.318,4.39,4.485,4.574,4.678,4.814,4.889,5.036,5.167,5.296,5.423,5.545,5.681,5.78,5.867,5.95,5.998,6.005,6.017,6.003,5.971,5.948,5.888,5.827,5.743,5.636,5.498,5.356,5.229,5.104,4.959,4.793,4.646,4.5,4.348,4.176,4.007,3.821,3.751,3.612,3.422,3.244,3.057,2.879,2.705,2.499,2.333,2.153,1.989,1.791,1.622,1.452,1.295,1.156,1.008,0.868,0.746,0.698,0.62,0.551,0.498,0.45,0.4,0.357,0.339,0.33,0.326,0.296,0.285,0.272,0.26,0.268,0.262,0.25,0.244,0.238,0.246,0.239,0.244,0.249,0.245,0.251,0.255,0.244,0.237,0.218,0.203,0.193,0.203,0.193,0.223,0.196,0.159,0.194,0.194,0.176,0.175,0.171,0.174,0.141,0.157,0.148,1.50E-01,0.151,0.137,0.144,0.155,0.151,0.16,0.141,0.173,0.17,0.157,0.134,0.126,0.154,0.15,0.112,0.129,0.124,0.111,H,05
A06,103.815,1.81,0.95,3.868,3.709,3.507,3.388,3.232,3.016,2.881,2.685,2.551,2.419,2.286,2.212,2.164,2.076,1.999,1.908,1.856,1.803,1.771,1.754,1.768,1.763,1.774,1.774,1.797,1.856,1.879,1.907,1.946,1.995,2.036,2.072,2.122,2.147,2.184,2.201,2.209,2.223,2.221,2.202,2.178,2.162,2.135,2.122,2.102,2.071,2.023,1.941,1.898,1.864,1.802,1.736,1.684,1.632,1.576,1.519,1.448,1.385,1.368,1.315,1.247,1.169,1.094,1.031,0.972,0.89,0.858,0.798,0.736,0.665,0.616,0.55,0.481,0.437,0.375,0.321,0.277,0.26,0.228,0.207,0.187,1.73E-01,0.147,0.136,0.142,1.44E-01,0.144,0.126,0.125,0.095,0.103,0.11,1.20E-01,0.131,0.109,0.088,0.101,0.098,0.082,1.04E-01,0.09,0.106,0.132,0.105,0.102,0.078,0.083,0.088,0.082,5.60E-02,0.089,0.074,0.072,0.091,0.091,0.08,7.50E-02,0.081,0.08,0.079,0.101,0.082,0.068,0.089,0.074,0.049,0.074,0.082,5.40E-02,4.70E-02,7.50E-02,1.04E-01,0.07,0.045,4.80E-02,0.057,0.051,0.021,0.036,0.046,0.025,A,06
B06,132.485,1.72,1.76,3.027,2.866,2.683,2.572,2.473,2.405,2.339,2.224,2.158,2.097,2.093,2.096,2.089,2.083,2.085,2.09,2.124,2.153,2.199,2.249,2.326,2.385,2.456,2.514,2.576,2.653,2.693,2.757,2.834,2.912,2.975,3.03,3.097,3.151,3.206,3.244,3.267,3.273,3.277,3.257,3.24,3.241,3.228,3.2,3.172,3.13,3.055,2.989,2.935,2.89,2.808,2.736,2.673,2.622,2.558,2.487,2.402,2.32,2.287,2.228,2.128,2.036,1.962,1.881,1.795,1.711,1.647,1.576,1.501,1.418,1.351,1.261,1.18,1.127,1.049,0.983,0.932,0.9,0.86,0.835,0.803,0.781,0.753,0.728,0.716,0.715,0.724,0.706,0.684,0.659,0.652,0.662,0.647,0.656,0.649,0.65,0.654,0.653,0.64,0.642,0.633,0.647,0.669,0.649,0.628,0.606,0.612,0.612,0.601,0.601,0.642,0.61,0.59,0.603,0.595,0.604,0.611,0.595,0.569,0.554,0.59,0.603,0.602,0.607,0.567,5.80E-01,0.58,0.568,0.584,0.554,0.598,0.597,0.575,0.532,0.54,0.597,0.588,0.553,0.573,0.57,0.546,B,06
C06,106.12,1.76,1.68,2.136,2.093,1.967,1.888,1.794,1.653,1.56,1.533,1.471,1.393,1.384,1.367,1.354,1.353,1.359,1.347,1.353,1.375,1.41,1.442,1.496,1.544,1.604,1.644,1.689,1.758,1.796,1.845,1.907,1.972,2.02,2.077,2.121,2.161,2.197,2.23,2.248,2.264,2.27,2.258,2.242,2.231,2.212,2.199,2.18,2.143,2.092,2.017,1.978,1.946,1.895,1.818,1.768,1.731,1.67,1.6,1.536,1.476,1.455,1.39,1.323,1.251,1.199,1.129,1.059,0.975,0.926,0.86,0.807,0.738,0.681,0.62,0.548,0.495,0.432,0.384,0.326,0.313,0.292,0.272,0.235,0.212,0.189,0.19,0.172,0.182,0.191,0.165,0.138,0.126,0.131,0.148,0.145,0.141,0.146,0.131,0.141,0.135,0.133,0.137,0.112,0.131,0.162,0.138,0.135,0.117,0.107,0.126,0.107,0.107,0.156,0.139,0.11,0.112,0.111,0.108,0.108,0.097,0.101,0.116,0.12,0.1,0.109,0.126,0.115,0.095,0.104,0.09,0.092,0.089,0.095,0.115,0.097,0.072,0.063,0.079,0.062,0.048,0.078,0.061,7.20E-02,C,06
D06,87.605,1.72,0.49,6.343,6.199,6.011,5.746,5.435,5.122,4.887,4.546,4.218,3.912,3.688,3.456,3.323,3.115,2.869,2.627,2.418,2.256,2.094,1.957,1.876,1.794,1.734,1.691,1.67,1.682,1.681,1.681,1.694,1.711,1.738,1.769,1.79,1.81,1.837,1.861,1.879,1.891,1.89,1.881,1.852,1.84,1.835,1.833,1.803,1.769,1.735,1.67,1.63,1.61,1.577,1.514,1.469,1.432,1.401,1.338,1.282,1.249,1.227,1.172,1.12,1.069,1.018,0.964,0.903,0.839,0.788,0.734,0.696,0.656,0.606,0.536,0.486,0.45,0.395,0.356,0.322,0.309,0.275,0.246,0.234,0.22,0.196,0.187,0.18,0.18,0.186,0.173,0.165,0.145,0.132,0.135,0.152,0.139,0.127,0.135,0.129,0.127,0.132,0.154,0.137,0.148,0.156,0.128,0.119,0.121,0.113,0.13,0.142,0.116,0.126,0.133,0.122,0.107,0.109,0.091,0.107,0.102,0.105,0.087,0.1,0.103,0.113,0.108,0.106,0.092,0.107,0.095,0.1,0.059,0.089,0.098,0.114,0.095,0.084,0.077,0.083,0.081,0.095,0.089,0.07,D,06
E06,628.37,1.78,2.08,9.418,8.954,8.416,8.002,7.566,7.187,6.829,6.572,6.416,6.297,6.26,6.238,6.229,6.263,6.34,6.478,6.638,6.832,7.104,7.387,7.736,8.13,8.52,8.862,9.212,9.601,9.817,10.248,10.624,10.963,11.293,11.603,11.911,12.174,12.412,12.583,12.706,12.808,12.859,12.853,12.794,12.751,12.644,12.503,12.336,12.104,11.826,11.516,11.233,10.944,10.637,10.302,9.969,9.651,9.331,8.964,8.576,8.217,8.042,7.672,7.303,6.907,6.523,6.145,5.764,5.352,4.972,4.593,4.227,3.846,3.482,3.117,2.76,2.428,2.09,1.778,1.508,1.395,1.192,1.039,0.898,0.796,6.78E-01,0.61,0.542,0.5,0.492,0.438,0.414,0.373,0.358,0.356,0.359,0.336,0.333,0.343,0.339,0.322,0.318,0.334,0.341,0.357,0.35,0.313,0.308,0.296,0.274,2.81E-01,0.286,0.279,0.318,2.73E-01,0.259,0.264,0.26,0.242,0.24,0.235,0.236,0.229,0.227,0.223,0.205,0.221,0.226,0.211,2.01E-01,0.192,0.182,0.168,0.202,0.212,0.198,0.168,0.161,0.177,0.174,0.17,0.147,0.143,0.136,E,06
F06,671.23,1.78,2.08,10.09,9.604,9.087,8.597,8.165,7.7,7.395,7.116,6.925,6.759,6.679,6.67,6.665,6.691,6.768,6.899,7.073,7.287,7.557,7.861,8.236,8.652,9.073,9.453,9.802,10.223,10.461,10.904,11.3,11.68,12.019,12.362,12.692,13.003,13.244,13.439,13.578,13.696,13.745,13.72,13.655,13.611,13.507,13.37,13.177,12.914,12.612,12.295,11.98,11.697,11.358,11.005,10.656,10.309,9.962,9.584,9.158,8.763,8.576,8.182,7.78,7.362,6.951,6.544,6.143,5.697,5.284,4.89,4.516,4.093,3.692,3.294,2.902,2.567,2.206,1.859,1.581,1.455,1.234,1.07,0.915,0.796,0.685,0.62,0.536,0.501,0.477,4.33E-01,0.397,0.356,0.344,0.357,0.361,0.337,3.28E-01,0.339,0.331,0.33,0.291,0.291,0.298,0.336,0.356,0.299,0.273,0.274,0.253,2.49E-01,0.279,0.278,2.87E-01,0.28,0.23,0.237,0.246,2.48E-01,0.234,0.225,0.209,0.22,0.23,0.193,1.81E-01,0.199,0.18,0.188,0.187,0.184,0.204,0.177,0.19,0.182,0.193,1.69E-01,0.171,1.81E-01,0.167,0.136,0.164,0.171,0.14,F,06
G06,678.795,1.78,1.3,16.874,16.145,15.431,14.931,14.24,13.491,12.812,12.124,11.555,11.001,10.639,10.329,10.168,9.86,9.593,9.374,9.203,9.136,9.147,9.212,9.396,9.621,9.877,10.122,10.405,10.76,10.951,11.319,11.677,12.004,12.313,12.615,12.924,13.204,13.43,13.598,13.738,13.842,13.864,13.849,13.803,13.751,13.624,13.497,13.297,13.037,12.734,12.403,12.09,11.79,11.453,11.09,10.74,10.392,10.041,9.658,9.242,8.86,8.666,8.28,7.858,7.45,7.036,6.637,6.221,5.761,5.367,4.962,4.567,4.162,3.77,3.37,2.991,2.636,2.26,1.935,1.636,1.508,1.292,1.108,0.982,0.858,0.727,0.641,0.573,0.54,0.519,0.471,0.432,0.396,0.38,0.387,0.37,0.361,0.344,0.341,0.341,0.341,0.341,0.347,0.355,0.361,0.371,0.333,0.319,0.301,0.298,0.306,0.3,0.282,0.309,0.274,0.257,0.282,0.271,0.248,0.255,0.248,0.232,0.216,0.227,0.222,0.22,0.222,0.197,0.186,0.197,0.196,0.194,0.171,0.201,0.213,0.199,0.171,0.162,0.165,0.166,0.163,0.173,0.161,0.156,G,06
H06,913.9,1.79,1.65,16.912,16.337,15.489,14.868,14.24,13.519,12.982,12.416,11.973,11.629,11.414,11.264,11.2,11.116,11.07,11.061,11.165,11.326,11.576,11.871,12.275,12.754,13.246,13.683,14.113,14.617,14.902,15.46,15.961,16.415,16.812,17.209,17.63,17.977,18.258,18.475,18.626,18.703,18.735,18.728,18.621,18.558,18.393,18.143,17.877,17.513,17.099,16.635,16.212,15.813,15.346,14.871,14.414,13.949,13.475,12.958,12.401,11.874,11.616,11.091,10.551,10.006,9.447,8.916,8.373,7.808,7.235,6.699,6.176,5.632,5.103,4.59,4.067,3.587,3.111,2.656,2.279,2.115,1.807,1.568,1.373,1.185,1.024,0.915,0.831,0.762,0.723,0.65,0.609,0.574,0.56,0.556,0.532,0.526,0.509,0.497,0.498,0.49,0.484,0.483,0.476,0.502,0.521,0.487,0.473,4.64E-01,0.435,0.426,0.434,0.426,0.444,0.432,0.419,0.415,0.399,0.365,0.359,0.376,0.361,0.341,0.343,0.334,0.311,0.328,3.35E-01,0.31,0.323,0.31,0.315,0.297,0.278,2.81E-01,0.295,0.269,0.259,0.292,0.297,0.27,0.284,0.268,0.262,H,06
A07,339.01,1.77,0.6,19.06,18.448,17.731,17.101,16.508,15.662,14.749,13.794,1.29E+01,12.09,11.347,10.67,10.31,9.636,8.946,8.25,7.657,7.151,6.755,6.436,6.166,5.958,5.844,5.82,5.804,5.844,5.88,5.969,6.071,6.167,6.272,6.401,6.54,6.649,6.75,6.84,6.893,6.928,6.963,6.936,6.913,6.887,6.816,6.754,6.663,6.526,6.393,6.231,6.067,5.919,5.759,5.567,5.401,5.22,5.05,4.864,4.655,4.457,4.361,4.165,3.96,3.747,3.551,3.359,3.146,2.897,2.68,2.469,2.277,2.066,1.866,1.675,1.487,1.323,1.123,0.962,0.825,0.756,0.652,0.582,0.497,0.446,0.396,0.336,0.308,0.285,0.295,0.258,0.22,0.228,0.193,0.189,0.192,0.188,0.184,0.186,0.193,0.185,0.175,0.17,0.157,0.186,0.187,0.159,0.167,0.169,0.161,0.156,0.167,0.164,0.156,0.141,0.129,0.145,1.17E-01,0.119,0.14,0.121,1.19E-01,0.117,0.133,0.13,0.115,0.13,0.104,0.082,0.082,0.098,0.104,0.116,0.132,0.11,0.106,0.081,0.091,0.087,0.064,0.079,0.085,0.09,0.088,A,07
B07,550.825,1.77,2.21,7.91,7.463,6.982,6.637,6.295,5.927,5.649,5.406,5.275,5.168,5.106,5.12,5.121,5.137,5.205,5.328,5.481,5.669,5.914,6.171,6.482,6.836,7.181,7.517,7.815,8.181,8.361,8.741,9.079,9.381,9.664,9.957,10.246,10.505,10.7,10.865,11,11.103,11.179,11.188,11.147,11.109,11.021,10.917,10.753,10.559,10.326,10.067,9.805,9.565,9.304,9.007,8.714,8.438,8.162,7.843,7.506,7.178,7.014,6.693,6.359,6.016,5.674,5.34,5.011,4.64,4.288,3.944,3.609,3.265,2.936,2.62,2.299,2.022,1.734,1.471,1.244,1.14,0.962,0.829,0.701,0.608,0.524,0.455,0.408,0.363,0.36,0.314,0.272,0.26,0.256,0.24,0.228,0.219,0.232,0.232,0.235,0.232,0.214,0.215,0.229,0.243,0.237,0.227,0.21,0.202,0.208,0.17,0.177,0.188,0.178,0.179,0.155,0.163,0.154,0.143,0.146,0.147,0.129,1.13E-01,0.131,0.15,0.143,0.135,0.141,0.117,0.129,0.127,0.111,0.11,0.108,0.118,0.104,0.092,0.097,0.088,0.079,0.086,0.093,0.096,0.081,B,07
C07,310.945,1.75,1.3,8.037,7.719,7.379,7.035,6.701,6.352,5.961,5.639,5.371,5.112,4.884,4.748,4.656,4.505,4.36,4.252,4.165,4.114,4.127,4.163,4.21,4.297,4.411,4.549,4.665,4.835,4.92,5.09,5.274,5.428,5.562,5.702,5.848,5.984,6.085,6.193,6.262,6.312,6.341,6.338,6.319,6.293,6.238,6.178,6.11,5.997,5.854,5.704,5.564,5.434,5.295,5.132,4.959,4.799,4.65,4.463,4.281,4.1,4.012,3.837,3.646,3.448,3.258,3.072,2.883,2.679,2.481,2.276,2.092,1.906,1.723,1.531,1.352,1.21,1.032,0.881,0.751,0.694,0.601,0.519,0.456,0.405,0.353,0.315,0.278,0.255,0.237,0.221,0.188,1.86E-01,0.159,0.157,0.16,1.71E-01,0.16,1.56E-01,0.169,0.161,0.138,0.153,0.159,0.174,0.174,0.167,0.162,0.148,0.145,0.13,0.124,0.145,1.23E-01,0.13,0.12,0.12,0.097,0.115,0.104,0.093,0.084,0.099,0.1,0.091,0.107,0.12,0.109,0.091,0.098,0.076,0.086,0.071,0.078,0.072,0.089,0.068,0.074,0.065,0.052,0.074,0.083,0.078,0.085,C,07
D07,677.46,1.77,1.6,13.983,13.251,12.491,11.896,11.346,10.805,10.221,9.687,9.29,8.923,8.63,8.448,8.35,8.182,8.062,7.97,7.952,8.015,8.138,8.309,8.57,8.867,9.196,9.525,9.83,10.229,10.451,10.877,11.266,11.63,11.966,12.291,12.644,12.947,13.198,13.409,13.578,13.694,13.759,13.766,13.725,13.685,13.578,13.435,13.246,13.005,12.711,12.402,12.092,11.791,11.471,11.096,10.746,10.389,10.04,9.644,9.225,8.84,8.633,8.23,7.82,7.386,6.969,6.557,6.13,5.673,5.256,4.834,4.426,3.997,3.583,3.188,2.811,2.457,2.102,1.758,1.47,1.346,1.149,0.974,0.826,0.724,0.619,0.549,0.483,4.32E-01,0.402,0.368,0.332,0.304,0.297,0.286,0.266,0.265,2.72E-01,0.26,0.27,2.39E-01,0.239,0.253,0.238,0.26,0.272,0.237,0.23,0.239,0.227,0.207,0.214,0.22,0.218,0.198,0.174,0.196,0.168,0.151,0.166,0.171,0.184,0.173,0.176,0.163,1.38E-01,0.17,0.158,1.37E-01,0.153,0.131,0.139,1.23E-01,0.112,0.131,0.135,0.116,0.107,0.097,0.097,0.11,1.09E-01,0.129,0.104,D,07
E07,445.08,1.75,0.78,19.764,19.204,18.39,17.521,16.779,15.867,14.964,14.001,13.12,12.312,11.626,10.976,10.658,10.039,9.39,8.761,8.241,7.812,7.507,7.273,7.088,6.978,6.966,7.013,7.08,7.221,7.305,7.475,7.665,7.848,8.024,8.218,8.411,8.578,8.749,8.883,8.972,9.066,9.106,9.106,9.082,9.055,8.986,8.902,8.787,8.64,8.457,8.262,8.074,7.889,7.655,7.429,7.199,6.957,6.736,6.482,6.209,5.955,5.827,5.549,5.282,4.999,4.719,4.436,4.147,3.832,3.544,3.261,2.979,2.685,2.42,2.153,1.901,1.667,1.427,1.214,1.024,0.943,0.824,0.719,0.631,0.568,0.51,0.455,0.411,0.403,0.383,0.337,0.311,0.296,0.28,0.272,0.268,0.262,0.266,0.252,0.255,0.266,0.24,0.247,0.271,0.277,0.282,0.239,0.253,0.247,0.23,0.243,0.221,0.21,0.203,0.201,0.183,0.195,0.17,0.18,0.213,0.19,0.176,0.173,0.181,0.179,0.139,0.171,0.18,0.15,0.155,0.141,0.152,0.139,0.141,0.151,0.15,0.14,0.141,1.18E-01,1.05E-01,0.126,0.127,0.121,0.105,E,07
F07,592.015,1.73,1.73,11.725,11.123,10.437,9.919,9.436,8.912,8.413,7.979,7.643,7.371,7.153,7.007,6.946,6.845,6.759,6.74,6.738,6.79,6.938,7.121,7.354,7.638,7.938,8.254,8.514,8.873,9.072,9.455,9.817,10.14,10.442,10.741,11.069,11.349,11.586,11.784,11.932,12.06,12.144,12.155,12.129,12.112,12.031,11.932,11.787,11.578,11.314,11.06,10.834,10.559,10.271,9.977,9.66,9.359,9.06,8.712,8.348,8.002,7.835,7.488,7.129,6.757,6.369,5.991,5.606,5.195,4.799,4.422,4.045,3.657,3.284,2.921,2.583,2.282,1.971,1.683,1.434,1.324,1.15,1.014,0.891,0.786,0.713,0.647,0.587,0.548,0.541,0.493,0.455,0.427,0.421,0.414,0.399,0.397,0.396,0.376,0.384,0.383,0.365,0.372,0.38,0.401,0.414,0.39,0.381,0.361,0.327,0.324,0.341,0.335,0.344,0.324,0.301,0.33,0.296,0.289,0.286,0.278,0.292,0.272,0.289,0.27,0.258,0.27,0.267,0.235,0.229,0.214,0.228,0.252,0.226,0.25,0.238,0.219,0.203,0.206,0.215,0.223,0.215,0.213,0.192,F,07
G07,478.425,1.77,1.6,10.567,9.985,9.437,8.971,8.505,7.982,7.462,6.994,6.707,6.634,6.613,6.516,6.429,6.287,6.165,6.077,6.078,6.116,6.204,6.301,6.401,6.571,6.846,7.199,7.464,7.64,7.743,8.061,8.445,8.765,8.99,9.184,9.421,9.677,9.881,10.001,10.079,10.117,10.139,10.121,10.205,10.238,10.206,10.11,9.982,9.786,9.544,9.323,9.13,8.91,8.655,8.38,8.155,7.927,7.68,7.371,7.065,6.77,6.621,6.34,6.028,5.699,5.383,5.1,4.783,4.451,4.129,3.841,3.542,3.222,2.934,2.646,2.39,2.172,1.887,1.655,1.478,1.394,1.269,1.183,1.091,1.015,0.947,0.892,0.847,0.817,0.799,0.75,0.717,0.722,0.709,0.706,0.694,0.707,0.707,0.688,0.692,0.688,0.678,0.652,0.663,0.689,0.692,0.673,0.657,0.652,0.649,0.64,0.656,0.671,0.678,0.662,0.652,0.646,0.617,0.636,6.43E-01,0.636,0.625,0.628,0.637,0.638,6.23E-01,6.46E-01,0.622,0.607,0.604,0.607,0.649,0.628,0.618,0.619,0.634,0.623,0.609,6.24E-01,0.609,0.598,0.621,0.611,0.604,G,07
H07,244.22,1.78,0.71,11.83,11.436,10.972,10.534,10.107,9.545,8.994,8.457,7.923,7.419,7.025,6.682,6.503,6.134,5.754,5.387,5.07,4.813,4.631,4.468,4.349,4.262,4.239,4.251,4.259,4.327,4.367,4.44,4.519,4.6,4.681,4.762,4.865,4.921,4.983,5.048,5.078,5.082,5.092,5.069,5.033,5.019,4.96,4.911,4.838,4.746,4.642,4.522,4.413,4.305,4.181,4.042,3.912,3.794,3.681,3.534,3.398,3.247,3.171,3.046,2.897,2.747,2.59,2.456,2.303,2.129,1.984,1.839,1.693,1.516,1.376,1.249,1.117,0.996,0.866,0.746,0.646,0.601,0.539,0.484,0.439,0.397,0.358,0.325,0.311,0.298,0.299,0.272,0.258,0.249,0.232,0.227,0.227,0.223,0.213,2.04E-01,0.23,0.23,0.22,0.218,0.223,0.241,0.235,0.213,0.214,0.204,0.189,0.174,0.176,0.182,0.187,0.17,0.16,0.174,0.157,0.144,0.154,0.163,0.163,0.133,0.148,0.147,0.136,0.136,0.119,0.13,0.137,0.14,0.158,0.155,0.167,0.16,0.142,0.12,0.132,0.14,0.135,0.127,0.128,0.116,0.119,H,07
A08,204.21,1.75,2.15,3.491,3.258,3.062,2.901,2.709,2.537,2.377,2.23,2.193,2.14,2.075,2.069,2.06,2.076,2.092,2.107,2.176,2.232,2.31,2.407,2.525,2.635,2.749,2.855,2.963,3.108,3.178,3.308,3.43,3.546,3.655,3.769,3.888,3.98,4.086,4.156,4.198,4.256,4.279,4.271,4.256,4.238,4.197,4.171,4.126,4.075,3.986,3.867,3.793,3.708,3.605,3.48,3.364,3.264,3.169,3.052,2.912,2.797,2.736,2.618,2.502,2.354,2.217,2.083,1.944,1.79,1.665,1.533,1.406,1.263,1.139,1.025,0.901,0.805,0.698,0.588,0.506,0.468,0.41,3.66E-01,0.329,0.32,0.285,0.259,0.25,0.235,0.239,0.214,0.204,0.199,0.188,0.173,0.184,0.191,0.167,0.16,0.185,1.77E-01,0.158,0.177,0.171,0.185,0.203,0.173,0.165,0.162,1.63E-01,0.167,0.16,0.147,0.145,0.131,0.134,0.155,0.138,0.14,0.138,0.135,0.153,0.155,0.172,0.165,0.14,0.159,0.123,0.094,0.119,1.21E-01,0.109,0.113,0.108,0.13,0.109,0.114,1.05E-01,0.101,0.089,0.078,0.079,0.09,0.083,A,08
B08,209.64,1.72,1.76,4.281,4.028,3.804,3.573,3.379,3.208,3.045,2.876,2.744,2.621,2.574,2.539,2.51,2.488,2.454,2.438,2.45,2.493,2.556,2.618,2.695,2.787,2.89,2.999,3.105,3.226,3.29,3.419,3.558,3.668,3.777,3.891,4.007,4.113,4.202,4.276,4.333,4.373,4.412,4.4,4.379,4.378,4.347,4.312,4.262,4.197,4.113,4.025,3.925,3.832,3.73,3.616,3.51,3.405,3.301,3.19,3.05,2.913,2.844,2.744,2.617,2.466,2.34,2.218,2.066,1.916,1.786,1.661,1.526,1.39,1.265,1.127,1.006,0.919,0.8,0.692,0.607,0.572,0.518,0.479,0.429,0.406,0.389,0.357,0.332,0.32,0.326,0.306,0.284,0.275,0.26,0.25,0.245,0.248,0.242,0.248,0.264,0.249,0.232,0.236,0.239,0.248,0.27,0.251,0.232,0.209,0.212,2.04E-01,0.192,0.211,0.219,0.185,0.185,0.194,0.18,0.204,0.205,0.193,0.182,0.172,0.186,0.2,0.199,0.217,0.18,0.155,0.159,0.157,0.178,0.169,0.188,0.183,0.153,0.141,0.167,0.166,0.149,0.149,0.156,0.158,0.141,B,08
C08,223.105,1.75,1.61,4.927,4.738,4.436,4.22,3.973,3.708,3.494,3.328,3.154,2.984,2.888,2.829,2.785,2.729,2.689,2.641,2.624,2.636,2.675,2.736,2.795,2.89,2.994,3.097,3.2,3.338,3.409,3.536,3.675,3.811,3.916,4.041,4.167,4.268,4.366,4.442,4.506,4.555,4.585,4.593,4.574,4.558,4.529,4.502,4.452,4.376,4.289,4.167,4.078,3.992,3.878,3.735,3.626,3.524,3.394,3.267,3.134,2.992,2.922,2.793,2.658,2.503,2.368,2.224,2.074,1.907,1.758,1.613,1.478,1.329,1.197,1.066,0.928,0.825,0.696,0.579,0.478,0.448,0.394,0.352,0.292,0.272,0.247,0.226,0.217,2.10E-01,0.204,0.173,0.153,0.152,0.139,0.148,0.157,0.159,0.158,0.143,0.159,0.15,0.137,0.143,0.13,0.155,0.16,0.149,0.147,0.125,0.109,0.124,0.097,0.123,0.137,0.132,0.117,0.126,0.099,0.087,0.105,0.088,0.119,0.123,0.112,0.111,0.096,0.13,0.116,0.08,0.077,0.073,0.084,0.089,0.091,0.093,0.075,0.058,0.07,0.061,0.042,0.031,0.051,0.046,0.051,C,08
D08,192.66,1.73,0.36,18.738,18.415,17.594,16.968,16.352,15.493,14.585,13.58,12.604,11.685,10.899,10.131,9.743,8.981,8.164,7.342,6.609,5.992,5.473,5.002,4.613,4.282,4.043,3.893,3.789,3.737,3.71,3.681,3.693,3.711,3.751,3.798,3.853,3.904,3.958,4.016,4.041,4.067,4.075,4.078,4.058,4.047,4.018,3.992,3.939,3.872,3.799,3.707,3.623,3.543,3.452,3.333,3.231,3.145,3.068,2.939,2.821,2.717,2.658,2.544,2.43,2.3,2.181,2.066,1.928,1.788,1.658,1.529,1.414,1.294,1.173,1.055,0.952,0.86,0.75,0.648,0.563,0.53,0.475,0.444,0.409,0.386,0.354,0.327,0.311,0.302,0.301,0.296,0.28,0.253,0.24,0.24,0.248,0.241,0.233,0.229,0.227,0.228,0.223,0.244,0.265,0.274,0.246,0.231,0.224,0.238,0.214,0.23,0.227,0.216,0.197,0.204,0.22,0.212,0.183,0.175,0.188,0.175,0.188,0.196,0.205,0.187,0.194,0.198,0.189,0.16,0.168,0.173,0.184,0.161,0.166,0.161,0.179,0.174,0.179,0.151,0.144,0.155,0.168,0.162,0.139,D,08
E08,116.095,1.78,1.71,2.292,2.169,2.04,1.978,1.857,1.747,1.646,1.576,1.569,1.537,1.515,1.524,1.499,1.484,1.491,1.489,1.507,1.539,1.594,1.633,1.678,1.731,1.79,1.858,1.913,1.981,2.012,2.086,2.144,2.194,2.266,2.305,2.358,2.399,2.445,2.475,2.496,2.506,2.505,2.491,2.477,2.461,2.434,2.425,2.394,2.35,2.298,2.238,2.19,2.121,2.06,2.003,1.936,1.87,1.822,1.759,1.684,1.617,1.585,1.517,1.458,1.382,1.309,1.246,1.185,1.093,1.037,0.987,0.913,0.826,0.771,0.694,0.626,0.577,0.516,4.50E-01,0.395,0.372,0.335,0.312,0.281,0.275,0.249,0.241,0.23,0.208,0.218,0.186,0.183,0.173,0.161,0.157,0.164,0.15,0.155,0.161,0.177,0.163,0.148,0.156,0.182,0.2,0.179,0.157,0.158,0.155,0.134,0.135,0.149,0.167,0.178,0.139,0.142,0.145,0.12,0.122,0.142,0.138,0.143,0.155,0.155,0.158,0.115,0.141,0.158,0.138,0.126,0.124,0.121,0.117,0.145,0.162,0.135,0.132,0.132,0.106,0.108,0.117,0.095,0.084,8.80E-02,E,08
F08,71.155,1.76,0.23,11.169,10.996,10.621,10.251,9.82,9.263,8.692,8.08,7.497,6.957,6.474,6.03,5.787,5.318,4.812,4.309,3.868,3.471,3.136,2.827,2.544,2.298,2.119,2.009,1.913,1.848,1.808,1.739,1.7,1.689,1.676,1.676,1.665,1.67,1.676,1.667,1.668,1.663,1.649,1.628,1.621,1.611,1.585,1.581,1.558,1.53,1.497,1.445,1.416,1.393,1.357,1.316,1.281,1.245,1.222,1.185,1.137,1.093,1.079,1.047,1.005,0.955,0.918,0.884,0.85,0.779,0.736,0.712,0.698,0.64,0.609,0.56,0.504,0.502,0.457,0.41,0.383,0.364,3.39E-01,0.333,0.313,0.314,0.299,0.29,0.261,0.262,0.279,0.269,0.248,0.241,0.227,2.25E-01,0.243,0.221,0.226,0.242,0.241,0.242,0.196,0.191,0.216,0.25,0.259,0.212,0.198,0.205,0.193,0.186,0.205,0.213,0.207,0.211,0.194,0.217,0.193,0.194,2.09E-01,0.198,0.196,2.11E-01,0.198,0.18,0.185,0.186,0.176,0.183,1.64E-01,0.17,0.2,0.179,0.184,1.93E-01,0.197,0.186,0.21,0.177,0.155,0.146,0.179,0.184,0.173,F,08
G08,129.915,1.78,1.17,3.712,3.599,3.441,3.338,3.184,2.991,2.871,2.727,2.628,2.494,2.396,2.343,2.319,2.264,2.193,2.135,2.108,2.083,2.082,2.08,2.09,2.114,2.169,2.226,2.273,2.333,2.359,2.406,2.474,2.526,2.579,2.626,2.679,2.723,2.752,2.782,2.787,2.8,2.791,2.779,2.775,2.762,2.732,2.709,2.671,2.611,2.548,2.474,2.422,2.362,2.292,2.22,2.156,2.079,2.029,1.962,1.869,1.802,1.766,1.711,1.633,1.548,1.479,1.42,1.335,1.235,1.167,1.114,1.04,0.958,0.905,0.825,0.745,0.688,0.616,0.551,0.475,0.456,0.429,0.383,0.368,0.346,0.319,0.29,0.278,0.274,0.272,0.268,0.249,0.239,0.216,0.217,0.214,0.202,0.21,0.214,0.214,0.217,0.21,0.213,0.225,0.23,0.227,0.206,0.204,0.203,0.201,0.19,0.202,0.203,0.198,0.19,0.183,0.206,0.172,0.166,0.184,0.177,0.161,0.159,0.176,0.192,0.186,0.192,1.79E-01,0.142,0.143,0.15,0.17,0.155,0.153,0.168,0.16,0.133,0.15,0.125,0.12,0.146,0.164,0.16,0.146,G,08
H08,95.545,1.9,0.44,7.423,7.313,6.994,6.795,6.556,6.221,5.897,5.554,5.21,4.902,4.641,4.404,4.258,4.032,3.764,3.484,3.259,3.059,2.904,2.739,2.609,2.501,2.441,2.408,2.37,2.352,2.341,2.323,2.33,2.332,2.33,2.328,2.326,2.322,2.33,2.33,2.301,2.273,2.242,2.219,2.197,2.175,2.135,2.109,2.073,2.027,1.976,1.899,1.859,1.809,1.753,1.698,1.659,1.61,1.576,1.537,1.467,1.402,1.373,1.339,1.294,1.239,1.189,1.145,1.089,1.033,0.969,0.936,0.888,0.841,0.801,0.757,0.689,0.663,0.622,0.565,0.521,0.506,0.476,0.457,0.442,0.421,0.39,0.379,0.373,0.353,0.377,0.35,0.332,0.326,0.323,0.319,0.315,0.317,0.311,0.31,0.309,0.315,0.308,0.285,0.307,0.322,3.35E-01,0.316,0.313,0.313,3.00E-01,0.286,0.295,0.295,0.29,0.294,0.309,3.16E-01,0.294,0.266,2.64E-01,0.284,0.281,0.28,0.287,0.276,0.251,0.29,0.296,0.274,0.265,0.26,0.273,0.272,2.32E-01,0.234,0.252,0.236,0.229,0.238,0.242,0.247,0.249,0.248,0.245,H,08
A09,453.87,1.79,1.16,13.01,12.52,11.907,11.393,10.915,10.302,9.76,9.208,8.729,8.298,7.958,7.651,7.481,7.219,6.959,6.733,6.559,6.432,6.385,6.39,6.462,6.548,6.684,6.838,6.984,7.203,7.323,7.562,7.793,7.996,8.198,8.407,8.62,8.804,8.951,9.066,9.15,9.216,9.26,9.229,9.193,9.159,9.082,8.978,8.853,8.675,8.505,8.274,8.049,7.858,7.648,7.383,7.146,6.907,6.691,6.424,6.132,5.874,5.752,5.475,5.194,4.92,4.658,4.383,4.096,3.805,3.53,3.248,2.993,2.709,2.45,2.186,1.931,1.679,1.422,1.214,1.02,0.919,0.78,0.68,5.67E-01,0.496,0.422,0.364,0.324,0.3,0.291,0.253,0.214,0.205,0.178,0.176,0.181,0.179,0.181,0.182,0.186,1.67E-01,0.155,0.153,0.15,0.168,0.148,0.139,0.152,0.159,0.154,0.132,0.155,0.156,0.158,0.135,0.109,0.114,0.114,0.104,0.117,0.107,0.1,0.1,0.115,0.11,0.095,0.116,0.077,0.067,0.061,0.076,7.10E-02,0.07,8.70E-02,0.096,1.08E-01,0.056,0.046,0.038,0.019,0.01,0.03,2.90E-02,0.025,A,09
B09,263.6,1.76,2.03,4.528,4.236,4.069,3.884,3.696,3.508,3.382,3.228,3.158,3.106,3.083,3.091,3.08,3.087,3.095,3.165,3.228,3.322,3.447,3.554,3.691,3.837,4.003,4.16,4.309,4.47,4.541,4.71,4.884,5.024,5.155,5.275,5.406,5.54,5.617,5.687,5.738,5.761,5.771,5.765,5.756,5.745,5.699,5.656,5.575,5.47,5.368,5.226,5.1,5.003,4.878,4.733,4.585,4.468,4.338,4.165,4,3.861,3.796,3.64,3.475,3.307,3.144,2.983,2.833,2.67,2.51,2.354,2.204,2.04,1.885,1.73,1.569,1.441,1.3,1.176,1.065,1.011,0.93,0.869,0.802,0.756,0.717,0.684,0.663,0.642,0.654,0.608,0.58,0.578,0.582,0.572,0.562,0.556,0.546,0.557,0.558,0.55,0.547,0.559,0.557,0.563,0.542,0.556,0.555,0.548,0.545,0.531,0.533,0.533,0.54,0.53,0.485,0.505,0.514,0.492,0.494,0.501,0.488,0.479,0.484,0.49,0.507,0.505,0.504,0.503,0.507,0.504,0.495,0.48,0.482,0.512,0.492,0.461,0.466,0.491,0.472,0.459,0.476,0.452,0.44,B,09
C09,121.65,1.76,1.15,3.598,3.433,3.338,3.14,2.998,2.84,2.693,2.533,2.407,2.275,2.181,2.123,2.065,1.998,1.921,1.857,1.8,1.766,1.774,1.78,1.797,1.802,1.841,1.885,1.921,1.991,2.021,2.074,2.145,2.197,2.249,2.296,2.346,2.394,2.429,2.469,2.48,2.498,2.514,2.506,2.49,2.484,2.462,2.434,2.416,2.35,2.307,2.242,2.184,2.148,2.095,2.027,1.949,1.889,1.84,1.758,1.689,1.612,1.586,1.531,1.442,1.372,1.293,1.23,1.161,1.084,1.015,0.935,0.854,0.787,0.735,0.658,0.577,0.526,0.451,0.403,0.35,0.323,0.293,0.253,0.228,0.215,0.178,0.175,0.152,0.157,0.142,0.134,0.108,0.103,0.084,0.102,0.093,0.102,0.092,0.093,0.095,0.094,0.076,0.098,0.093,0.104,0.106,0.1,0.107,0.107,0.088,0.086,0.08,0.08,0.082,0.093,0.061,0.059,0.079,0.08,0.067,0.063,0.058,0.06,0.057,0.045,0.079,0.097,0.08,0.088,0.081,0.047,0.054,0.039,0.045,0.056,0.071,0.025,0.027,0.049,0.043,0.038,0.085,0.064,0.052,C,09
D09,428.33,1.78,2.07,6.593,6.182,5.893,5.471,5.196,4.959,4.756,4.55,4.424,4.302,4.248,4.253,4.235,4.251,4.298,4.367,4.487,4.626,4.81,5.006,5.255,5.498,5.751,5.985,6.212,6.498,6.636,6.916,7.179,7.411,7.629,7.833,8.04,8.239,8.389,8.502,8.611,8.675,8.712,8.703,8.672,8.638,8.561,8.474,8.363,8.195,8.029,7.818,7.61,7.423,7.241,6.989,6.764,6.543,6.341,6.07,5.812,5.572,5.452,5.199,4.926,4.663,4.403,4.149,3.892,3.601,3.352,3.094,2.848,2.584,2.327,2.093,1.838,1.603,1.375,1.165,0.973,0.891,0.763,0.64,0.555,0.498,0.414,0.373,0.328,0.294,0.284,0.27,0.249,0.229,0.222,0.215,0.194,0.175,0.196,0.189,0.187,0.159,0.172,0.192,0.169,0.184,0.198,0.18,0.176,0.184,0.169,0.158,0.163,0.158,0.164,0.158,0.115,0.121,0.124,0.102,0.111,0.131,0.143,0.121,0.106,0.108,0.115,0.14,0.121,0.116,0.125,0.083,0.092,0.071,0.06,0.084,0.09,0.057,0.064,0.067,0.062,0.041,0.061,0.071,0.039,D,09
E09,793.35,1.79,2,12.402,11.717,11.119,10.541,10.043,9.523,9.109,8.69,8.414,8.211,8.118,8.086,8.059,8.053,8.105,8.202,8.396,8.628,8.932,9.268,9.697,10.149,10.65,11.091,11.513,12.002,12.264,12.777,13.261,13.711,14.096,14.474,14.893,15.247,15.537,15.748,15.913,16.047,16.089,16.092,16.051,15.999,15.861,15.69,15.471,15.162,14.817,14.435,14.074,13.727,13.303,12.874,12.476,12.054,11.647,11.169,10.699,10.237,10.009,9.54,9.053,8.556,8.065,7.59,7.116,6.606,6.117,5.644,5.179,4.698,4.224,3.763,3.321,2.89,2.458,2.077,1.72,1.569,1.336,1.13,0.962,0.831,0.719,0.632,0.547,0.508,0.48,0.426,0.381,0.353,0.33,0.325,0.312,0.304,0.305,0.3,0.294,0.303,0.292,0.297,0.304,0.31,0.31,0.287,0.291,0.283,0.26,2.70E-01,0.256,0.232,0.234,0.238,0.208,0.213,0.199,0.192,0.215,0.213,0.198,0.201,0.184,0.193,0.166,0.182,0.175,0.172,0.163,0.149,1.60E-01,0.135,0.15,0.17,0.147,0.125,0.129,0.124,0.111,0.095,0.113,0.099,0.073,E,09
F09,405.28,1.76,1.19,11.328,10.788,10.341,9.903,9.469,9.011,8.518,8.005,7.558,7.209,6.923,6.679,6.56,6.333,6.093,5.903,5.742,5.662,5.644,5.66,5.719,5.798,5.944,6.09,6.219,6.423,6.527,6.73,6.945,7.142,7.326,7.49,7.679,7.858,7.988,8.102,8.169,8.221,8.258,8.246,8.223,8.198,8.125,8.043,7.942,7.796,7.619,7.425,7.249,7.062,6.875,6.664,6.44,6.238,6.04,5.794,5.551,5.308,5.194,4.958,4.717,4.476,4.233,3.983,3.73,3.467,3.218,2.974,2.734,2.478,2.248,2.004,1.759,1.546,1.336,1.137,0.963,0.871,0.738,0.644,0.557,0.484,0.423,0.384,0.324,0.3,0.301,0.267,0.236,0.215,0.225,0.214,0.19,0.203,0.203,0.195,0.199,0.183,0.181,0.185,0.186,0.214,0.218,0.203,0.202,0.186,0.156,0.159,0.18,0.161,0.17,0.148,0.137,0.149,0.135,0.137,0.126,0.136,0.149,0.118,0.117,0.099,0.12,0.123,0.118,0.109,0.103,0.086,0.096,0.092,0.071,0.13,0.121,0.074,0.067,9.10E-02,0.092,0.071,0.096,0.086,0.057,F,09
G09,471.505,1.78,1.65,9.31E+00,8.87,8.484,7.991,7.587,7.198,6.824,6.5,6.246,6.011,5.87,5.773,5.701,5.618,5.556,5.537,5.574,5.618,5.734,5.895,6.091,6.312,6.553,6.777,7.013,7.28,7.421,7.715,7.994,8.232,8.458,8.68,8.915,9.128,9.29,9.433,9.521,9.579,9.623,9.612,9.588,9.559,9.477,9.374,9.246,9.068,8.859,8.63,8.436,8.231,7.989,7.735,7.476,7.232,7.002,6.736,6.445,6.153,6.016,5.747,5.455,5.162,4.875,4.59,4.3,4.001,3.707,3.424,3.149,2.857,2.583,2.293,2.041,1.797,1.534,1.303,1.101,1.005,0.862,0.751,0.658,0.583,0.505,0.441,0.39,0.367,0.365,3.17E-01,0.289,0.285,0.266,0.275,0.248,0.243,0.264,0.265,2.38E-01,0.227,0.238,0.231,0.223,0.242,0.261,0.247,0.231,0.224,0.213,0.217,0.225,0.209,0.22,0.213,0.194,0.189,1.72E-01,0.167,0.168,0.171,1.45E-01,0.13,0.158,0.17,0.183,0.169,0.135,0.148,0.145,0.132,0.17,0.139,0.134,0.157,0.15,0.101,0.104,0.137,0.116,8.80E-02,0.132,0.115,0.086,G,09
H09,191.245,1.83,0.55,11.785,11.516,11.09,10.665,10.226,9.728,9.227,8.59,8.035,7.55,7.119,6.718,6.513,6.13,5.7,5.303,4.937,4.649,4.406,4.182,4.022,3.868,3.786,3.749,3.721,3.733,3.738,3.762,3.802,3.841,3.895,3.929,3.978,4.028,4.047,4.073,4.081,4.06,4.043,4.018,3.979,3.965,3.917,3.873,3.816,3.724,3.635,3.534,3.435,3.356,3.271,3.145,3.028,2.94,2.855,2.736,2.627,2.51,2.456,2.367,2.247,2.134,2.006,1.902,1.8,1.682,1.569,1.451,1.364,1.236,1.131,1.026,0.926,0.825,0.726,0.634,0.555,0.517,0.472,0.426,0.391,0.364,0.334,0.31,0.294,0.289,0.293,2.72E-01,0.262,0.247,0.241,0.244,0.234,0.219,0.225,0.223,0.226,0.223,0.231,0.236,0.235,0.238,0.218,0.205,0.227,0.244,0.199,0.187,2.01E-01,0.197,0.226,0.203,0.191,0.195,1.85E-01,0.172,0.175,0.192,0.198,0.16,0.154,0.152,0.176,0.166,0.145,0.152,0.165,0.159,0.188,0.179,0.181,0.184,1.80E-01,0.146,0.149,0.169,0.167,0.126,0.142,0.126,0.118,H,09
A10,515.75,1.77,1.33,13.017,12.384,11.762,11.238,10.743,10.141,9.622,9.046,8.563,8.21,7.891,7.632,7.505,7.29,7.065,6.895,6.799,6.742,6.76,6.834,6.96,7.111,7.316,7.511,7.736,8.008,8.159,8.443,8.716,8.979,9.227,9.467,9.715,9.963,10.141,10.28,10.391,10.486,10.53,10.517,10.465,10.431,10.349,10.249,10.118,9.94,9.724,9.472,9.24,9.007,8.746,8.458,8.182,7.917,7.653,7.336,7.024,6.723,6.574,6.282,5.989,5.644,5.305,4.983,4.66,4.316,4,3.675,3.362,3.038,2.735,2.433,2.134,1.851,1.581,1.333,1.116,1.012,0.858,0.742,0.634,0.559,0.482,0.42,0.376,0.354,0.332,0.303,0.282,0.254,0.231,0.224,0.24,0.243,2.22E-01,0.215,0.214,0.206,0.196,0.227,0.204,0.212,0.241,0.22,0.207,0.196,0.192,0.184,0.179,0.159,0.167,0.154,0.146,0.162,0.154,0.123,0.139,0.148,0.136,0.153,0.15,0.13,0.122,0.137,1.19E-01,0.098,0.113,0.119,0.1,0.09,0.095,0.132,0.115,0.078,0.074,0.089,0.076,0.038,0.058,0.067,0.036,A,10
B10,641.745,1.77,2.09,9.943,9.296,8.8,8.269,7.812,7.484,7.154,6.817,6.572,6.394,6.348,6.316,6.296,6.312,6.362,6.477,6.638,6.848,7.107,7.38,7.752,8.133,8.523,8.875,9.214,9.616,9.84,10.272,10.679,11.047,11.369,11.697,12.03,12.338,12.579,12.782,12.94,13.045,13.101,13.098,13.053,13.027,12.927,12.796,12.632,12.385,12.116,11.81,11.513,11.242,10.942,10.572,10.233,9.918,9.6,9.213,8.832,8.428,8.238,7.874,7.486,7.078,6.679,6.284,5.876,5.464,5.06,4.67,4.289,3.896,3.512,3.135,2.77,2.433,2.092,1.779,1.526,1.399,1.2,1.044,0.898,0.8,0.706,0.626,0.559,0.526,0.512,0.477,0.439,0.406,0.381,0.376,0.372,0.359,0.349,0.357,0.361,0.35,0.34,0.346,0.348,0.354,0.369,0.35,0.332,0.307,0.305,0.291,0.281,0.279,0.307,0.261,0.249,0.262,0.246,0.244,0.256,0.266,0.234,0.218,0.218,0.231,0.242,0.234,0.206,0.216,0.211,0.201,0.212,0.192,0.214,0.218,0.196,0.158,0.18,0.196,0.186,0.162,0.167,1.70E-01,0.147,B,10
C10,404.195,1.77,0.98,14.052,13.585,13.092,12.462,11.888,11.268,10.636,9.951,9.342,8.817,8.406,8.033,7.839,7.479,7.106,6.766,6.486,6.275,6.13,6.055,6.022,6.046,6.12,6.203,6.325,6.49,6.584,6.76,6.949,7.147,7.318,7.509,7.698,7.858,8.008,8.112,8.193,8.264,8.308,8.284,8.257,8.226,8.149,8.079,7.99,7.837,7.665,7.463,7.289,7.127,6.93,6.696,6.477,6.287,6.086,5.827,5.591,5.341,5.22,4.981,4.742,4.494,4.238,3.984,3.727,3.455,3.204,2.961,2.724,2.467,2.233,1.992,1.761,1.539,1.319,1.122,0.944,0.876,0.768,0.676,0.576,0.523,0.456,0.42,0.38,0.368,0.351,3.21E-01,0.3,0.279,0.263,0.274,0.274,2.66E-01,0.27,0.265,0.258,0.245,0.245,0.261,0.242,0.243,0.252,0.251,0.264,0.24,0.226,0.231,0.217,0.21,0.241,0.225,0.194,0.199,0.183,0.179,0.192,0.198,0.194,0.19,0.173,0.176,0.179,0.181,0.183,0.16,0.15,0.137,0.145,0.149,0.149,1.66E-01,0.146,0.107,0.118,0.139,0.121,0.096,0.123,0.107,0.097,C,10
D10,538.07,1.77,2.05,8.493,8.067,7.636,7.112,6.733,6.423,6.162,5.885,5.66,5.509,5.434,5.378,5.351,5.377,5.397,5.475,5.608,5.777,5.965,6.187,6.499,6.819,7.133,7.414,7.699,8.05,8.226,8.585,8.927,9.223,9.505,9.779,10.056,10.322,10.527,10.689,10.827,10.92,10.972,10.99,10.945,10.918,10.84,10.737,10.585,10.387,10.161,9.908,9.656,9.426,9.175,8.875,8.595,8.336,8.067,7.728,7.406,7.091,6.931,6.593,6.276,5.952,5.617,5.294,4.956,4.609,4.256,3.908,3.595,3.27,2.948,2.619,2.32,2.03,1.74,1.485,1.256,1.149,0.981,0.844,0.74,0.656,0.576,0.52,0.466,0.435,0.416,0.391,0.37,0.325,0.316,0.317,0.315,0.303,0.292,0.309,0.283,0.268,0.277,0.301,0.307,0.309,0.289,0.271,0.28,0.271,0.25,0.27,0.27,0.253,0.252,0.242,0.234,0.228,0.21,0.183,0.2,0.204,0.202,0.196,0.183,0.192,0.215,0.195,0.179,0.17,0.165,0.163,0.171,0.15,0.145,0.16,0.184,0.162,0.147,0.154,0.145,0.126,0.157,0.144,0.105,D,10
E10,395.825,1.75,0.82,16.74,16.045,15.524,14.934,14.238,13.486,12.681,11.859,11.07,10.436,9.883,9.382,9.105,8.591,8.072,7.592,7.165,6.848,6.601,6.389,6.275,6.23,6.222,6.26,6.338,6.469,6.549,6.715,6.874,7.029,7.224,7.381,7.56,7.723,7.882,7.988,8.08,8.149,8.19,8.17,8.151,8.124,8.055,7.993,7.919,7.772,7.616,7.429,7.262,7.097,6.913,6.7,6.472,6.258,6.074,5.822,5.581,5.347,5.228,5,4.766,4.518,4.262,4.008,3.755,3.486,3.239,2.991,2.736,2.479,2.243,1.998,1.774,1.576,1.37,1.185,1.017,0.941,0.825,0.747,0.667,0.603,0.541,0.507,0.464,0.437,0.437,0.402,0.389,0.361,0.35,0.347,0.34,0.318,0.334,0.352,0.347,0.316,0.318,0.335,0.343,0.342,0.309,0.312,0.31,0.313,0.289,0.283,0.291,0.29,0.313,0.281,0.269,0.265,0.261,0.249,0.254,0.257,0.261,0.249,0.234,0.249,0.228,0.245,0.258,0.248,0.228,0.208,0.207,0.197,0.216,0.241,0.237,0.193,0.201,0.199,0.188,0.19,0.174,0.152,0.144,E,10
F10,432.505,1.75,1.31,11.432,10.958,10.535,9.942,9.469,8.985,8.527,7.989,7.613,7.267,6.986,6.784,6.667,6.456,6.258,6.109,6,5.938,5.936,5.963,6.061,6.194,6.348,6.504,6.683,6.912,7.035,7.268,7.5,7.727,7.928,8.133,8.356,8.563,8.719,8.843,8.951,9.032,9.066,9.05,9.042,9.021,8.949,8.881,8.787,8.627,8.454,8.239,8.047,7.874,7.67,7.429,7.202,6.979,6.753,6.509,6.239,5.981,5.859,5.601,5.329,5.043,4.784,4.519,4.252,3.947,3.663,3.396,3.144,2.856,2.596,2.34,2.081,1.869,1.641,1.425,1.25,1.165,1.033,0.939,0.849,0.776,0.709,0.675,6.18E-01,0.6,0.601,0.575,0.535,5.15E-01,0.498,0.495,0.503,0.482,0.485,5.11E-01,0.504,0.489,0.46,0.474,0.472,0.502,0.505,0.468,0.454,0.452,0.425,0.408,0.44,0.44,0.441,0.45,0.406,0.408,0.408,0.38,0.395,0.416,0.397,0.411,0.392,0.369,0.372,0.381,0.365,0.374,0.352,3.53E-01,0.378,0.354,0.342,0.362,0.388,0.333,0.348,0.358,0.338,0.301,3.22E-01,0.307,0.295,F,10
G10,432.685,1.75,1.33,10.993,10.552,10.117,9.609,9.103,8.592,8.165,7.705,7.329,6.946,6.69,6.468,6.34,6.156,5.964,5.817,5.729,5.668,5.665,5.709,5.813,5.934,6.113,6.276,6.448,6.69,6.821,7.052,7.294,7.506,7.718,7.934,8.151,8.363,8.511,8.647,8.751,8.833,8.881,8.877,8.843,8.823,8.759,8.688,8.591,8.432,8.249,8.041,7.857,7.673,7.473,7.234,7,6.774,6.556,6.295,6.034,5.783,5.649,5.397,5.127,4.857,4.584,4.309,4.02E+00,3.729,3.454,3.181,2.905,2.643,2.402,2.133,1.888,1.651,1.421,1.224,1.037,0.951,0.831,0.722,0.651,0.573,0.495,0.458,0.424,0.397,0.391,0.372,0.341,0.321,0.312,0.31,0.295,0.277,0.28,0.285,0.286,0.276,0.291,0.287,0.297,0.3,0.288,0.272,0.267,0.256,0.251,0.257,0.265,0.226,0.245,0.243,0.214,0.222,0.21,0.196,0.22,0.227,0.203,0.195,0.189,0.187,2.08E-01,0.216,0.172,0.158,0.173,1.56E-01,0.171,0.154,0.164,0.181,0.176,0.127,0.14,0.153,0.134,0.114,0.14,0.135,0.117,G,10
H10,580.385,1.78,1.15,16.755,15.988,15.402,14.7,14.012,13.346,12.745,12.008,11.313,10.777,10.345,9.969,9.759,9.419,9.068,8.754,8.528,8.38,8.317,8.292,8.376,8.498,8.681,8.858,9.071,9.332,9.481,9.785,10.095,10.354,10.598,10.854,11.118,11.348,11.534,11.695,11.821,11.904,11.929,11.914,11.862,11.826,11.719,11.582,11.43,11.227,10.961,10.685,10.42,10.166,9.876,9.566,9.274,8.983,8.684,8.335,7.984,7.644,7.476,7.144,6.788,6.433,6.078,5.726,5.348,4.971,4.59,4.236,3.88,3.526,3.187,2.866,2.518,2.212,1.93,1.66,1.422,1.315,1.139,0.996,0.885,0.791,0.685,0.631,0.575,0.53,0.516,0.477,0.457,0.425,0.4,0.405,0.383,0.383,0.383,0.382,0.366,0.354,0.36,0.349,0.36,0.378,0.37,0.352,0.368,0.368,0.343,0.32,0.331,0.317,0.314,0.306,0.305,0.312,0.29,0.255,0.253,0.289,0.276,0.249,0.254,0.253,0.229,0.25,0.242,0.246,0.231,0.221,0.233,0.224,0.194,0.213,0.225,0.194,0.202,0.225,0.217,0.179,0.2,0.195,0.206,H,10
A11,168.445,1.8,1.78,2.853,2.769,2.581,2.45,2.399,2.227,2.12,2.078,2.067,2.021,1.993,1.997,1.982,1.983,2.003,2.032,2.067,2.119,2.194,2.275,2.366,2.447,2.533,2.629,2.699,2.807,2.861,2.948,3.045,3.124,3.195,3.264,3.339,3.394,3.446,3.486,3.493,3.506,3.51,3.489,3.474,3.458,3.414,3.372,3.32,3.256,3.186,3.092,3.005,2.931,2.855,2.753,2.671,2.582,2.511,2.43,2.321,2.223,2.175,2.084,1.98,1.879,1.794,1.702,1.6,1.489,1.4,1.297,1.218,1.112,1.032,0.936,0.844,0.758,0.658,0.584,0.522,0.479,0.423,0.387,0.333,0.307,0.277,0.248,0.236,0.227,0.242,0.2,0.165,0.173,0.143,1.56E-01,0.166,0.151,0.155,1.61E-01,0.154,0.15,0.149,0.128,0.125,0.142,0.136,0.121,0.134,0.144,0.131,0.12,0.141,1.25E-01,0.137,0.133,0.111,0.132,0.13,0.127,0.138,0.11,1.14E-01,0.11,0.105,0.106,0.088,0.113,0.095,0.08,0.064,0.087,0.085,0.088,0.118,0.105,0.113,0.079,0.101,0.082,0.051,0.085,0.082,0.083,0.092,A,11
B11,178.26,1.77,1.6,3.562,3.368,3.235,3.156,3.02,2.827,2.686,2.545,2.482,2.412,2.341,2.325,2.309,2.282,2.249,2.262,2.254,2.277,2.34,2.392,2.464,2.551,2.635,2.73,2.803,2.905,2.958,3.059,3.152,3.235,3.318,3.397,3.47,3.544,3.602,3.643,3.659,3.672,3.679,3.69,3.673,3.652,3.612,3.572,3.509,3.454,3.371,3.275,3.2,3.119,3.022,2.941,2.847,2.766,2.693,2.587,2.463,2.363,2.318,2.233,2.124,2.013,1.909,1.796,1.705,1.597,1.507,1.395,1.295,1.183,1.087,0.979,0.869,0.801,0.711,0.622,0.548,0.513,0.439,0.396,0.341,0.314,0.291,0.264,0.242,0.234,0.238,0.194,0.165,0.176,0.169,0.181,0.179,0.17,0.159,0.166,0.158,0.17,0.143,0.144,0.158,0.173,0.163,0.147,0.148,0.154,0.148,0.142,0.15,0.123,0.12,0.149,0.119,0.131,0.144,0.128,0.107,0.113,0.103,0.108,0.108,0.107,0.103,0.104,0.123,0.119,0.135,0.125,0.088,0.089,0.115,0.134,0.109,0.101,0.11,0.111,0.089,0.089,0.082,0.081,0.09,B,11
C11,166.685,1.75,0.66,8.532,8.347,8.103,7.756,7.434,7.032,6.587,6.175,5.789,5.428,5.099,4.852,4.701,4.419,4.135,3.85,3.595,3.372,3.248,3.127,3.021,2.945,2.903,2.899,2.909,2.947,2.975,3.019,3.07,3.122,3.173,3.224,3.275,3.328,3.378,3.421,3.425,3.448,3.45,3.427,3.414,3.4,3.365,3.321,3.287,3.223,3.147,3.057,2.985,2.921,2.833,2.757,2.661,2.576,2.502,2.41,2.307,2.219,2.179,2.096,1.987,1.88,1.772,1.683,1.588,1.485,1.397,1.296,1.205,1.102,1.023,0.922,0.82,0.758,0.653,0.573,0.507,0.468,0.416,0.369,0.337,0.3,0.269,0.245,0.219,0.225,0.208,0.186,0.163,0.159,0.136,0.142,0.155,0.146,0.14,0.153,0.143,0.142,0.128,1.39E-01,0.129,0.14,1.45E-01,0.137,0.162,0.133,0.118,0.118,0.119,0.118,0.114,0.138,0.106,0.117,0.12,0.13,0.116,1.06E-01,0.096,8.60E-02,0.081,0.076,0.097,0.12,0.11,0.098,0.108,0.091,0.072,0.069,0.087,0.093,9.00E-02,0.045,7.00E-02,8.80E-02,0.074,9.00E-02,0.091,0.091,0.098,C,11
D11,183.22,1.78,1.64,3.561,3.408,3.235,3.102,2.971,2.841,2.687,2.557,2.487,2.407,2.338,2.321,2.304,2.278,2.263,2.251,2.259,2.294,2.358,2.416,2.502,2.575,2.659,2.76,2.834,2.957,3.013,3.116,3.218,3.302,3.39,3.469,3.548,3.626,3.692,3.729,3.76,3.774,3.783,3.786,3.769,3.744,3.704,3.662,3.619,3.559,3.473,3.371,3.282,3.202,3.123,3.021,2.921,2.833,2.751,2.643,2.524,2.424,2.373,2.275,2.158,2.044,1.936,1.825,1.724,1.593,1.513,1.413,1.322,1.2,1.088,0.989,0.876,0.783,0.689,0.584,0.507,4.72E-01,0.409,0.353,0.316,0.293,0.257,0.24,0.211,0.205,0.199,0.177,0.171,0.153,0.144,0.161,0.158,0.149,0.151,0.136,0.141,0.113,0.122,0.131,0.123,0.132,0.147,0.114,0.127,0.139,0.108,0.109,1.09E-01,0.106,0.111,0.115,0.092,0.108,0.117,0.105,0.109,0.102,0.124,0.115,0.105,0.077,0.064,0.102,0.112,0.101,0.123,0.087,7.70E-02,0.065,0.077,0.112,0.105,0.067,0.075,0.079,0.07,0.068,0.053,0.088,0.074,D,11
E11,367.245,1.73,1.47,8.661,8.247,7.828,7.483,7.067,6.631,6.215,5.862,5.569,5.313,5.119,4.963,4.872,4.723,4.615,4.488,4.431,4.391,4.439,4.515,4.597,4.728,4.897,5.051,5.199,5.426,5.544,5.753,5.978,6.173,6.357,6.566,6.77,6.938,7.1,7.225,7.314,7.399,7.459,7.472,7.455,7.432,7.384,7.321,7.239,7.132,6.981,6.816,6.666,6.531,6.329,6.145,5.962,5.76,5.572,5.353,5.123,4.902,4.8,4.592,4.355,4.116,3.883,3.63,3.374,3.117,2.874,2.634,2.394,2.14,1.912,1.692,1.477,1.291,1.102,0.93,0.783,0.715,0.612,0.531,0.463,0.401,0.369,0.322,0.296,0.301,0.286,0.243,0.228,0.219,0.194,0.198,0.193,0.188,0.184,0.192,0.178,0.187,0.169,0.179,0.195,0.203,0.206,0.161,0.179,0.178,0.152,0.172,0.157,0.128,1.24E-01,0.146,0.124,0.143,0.127,0.132,0.144,0.141,0.139,0.128,0.111,0.103,0.082,0.121,0.102,0.099,0.107,0.089,0.086,0.08,0.105,0.12,0.101,8.40E-02,0.087,0.077,0.06,0.07,0.063,0.057,0.039,E,11
F11,405.145,1.73,1.91,7.422,7.067,6.649,6.206,5.884,5.523,5.217,4.96,4.744,4.597,4.488,4.419,4.393,4.349,4.342,4.367,4.381,4.47,4.601,4.744,4.923,5.144,5.372,5.586,5.784,6.043,6.182,6.444,6.702,6.936,7.152,7.36,7.591,7.801,7.973,8.111,8.2,8.276,8.334,8.35,8.339,8.317,8.261,8.189,8.11,7.991,7.816,7.626,7.473,7.296,7.096,6.893,6.671,6.463,6.264,6.028,5.781,5.544,5.42,5.175,4.93,4.675,4.404,4.123,3.861,3.577,3.308,3.04,2.776,2.494,2.248,1.997,1.753,1.558,1.355,1.162,1.007,0.924,0.797,0.719,0.636,0.569,0.518,0.477,0.443,0.428,4.20E-01,0.377,0.342,0.327,0.32,3.27E-01,0.319,0.319,0.308,0.299,0.293,0.295,0.287,0.296,0.292,0.311,0.335,3.13E-01,0.303,0.288,0.255,0.265,0.27,0.268,0.272,0.261,0.235,2.68E-01,0.258,0.245,0.23,0.236,0.25,0.231,2.36E-01,0.198,0.19,0.2,0.215,0.198,1.98E-01,0.198,0.176,0.196,0.174,0.193,0.18,0.159,0.163,0.16,0.161,0.174,0.152,0.159,0.147,F,11
G11,362.48,1.74,0.81,15.45,14.935,14.407,13.859,13.203,12.494,11.739,10.97,10.256,9.619,9.089,8.623,8.364,7.883,7.407,6.914,6.509,6.164,5.931,5.76,5.647,5.578,5.558,5.593,5.657,5.774,5.85,6.012,6.17,6.313,6.474,6.634,6.802,6.968,7.098,7.211,7.286,7.347,7.386,7.392,7.379,7.363,7.315,7.248,7.165,7.051,6.905,6.725,6.582,6.425,6.252,6.061,5.873,5.679,5.505,5.29,5.058,4.844,4.739,4.538,4.297,4.066,3.83,3.586,3.347,3.099,2.856,2.612,2.385,2.146,1.926,1.693,1.494,1.325,1.115,0.944,0.817,0.749,0.639,0.569,0.506,0.448,0.397,0.351,0.316,0.321,0.305,0.267,0.252,0.246,0.222,0.236,0.226,0.231,0.227,0.232,0.209,0.199,0.199,0.193,2.01E-01,0.222,0.233,0.213,0.202,0.192,0.175,0.187,0.189,0.18,0.197,0.186,0.177,0.18,0.167,0.191,0.165,0.163,0.151,0.129,1.30E-01,0.151,0.15,0.154,0.115,0.123,0.13,1.22E-01,0.138,1.28E-01,0.119,0.123,0.126,0.099,0.121,0.136,0.103,0.086,0.097,0.102,0.092,G,11
H11,366.86,1.77,0.84,14.637,14.289,13.671,13.202,12.615,11.884,11.245,10.547,9.892,9.324,8.854,8.425,8.2,7.787,7.37,6.96,6.586,6.3,6.117,5.995,5.899,5.852,5.873,5.924,5.99,6.114,6.187,6.332,6.493,6.633,6.781,6.929,7.085,7.219,7.327,7.433,7.495,7.527,7.541,7.527,7.485,7.46,7.389,7.312,7.218,7.096,6.935,6.766,6.605,6.438,6.251,6.051,5.861,5.681,5.503,5.285,5.068,4.837,4.729,4.535,4.298,4.075,3.832,3.601,3.361,3.117,2.884,2.632,2.416,2.155,1.931,1.72,1.524,1.349,1.162,0.993,0.845,0.776,0.677,0.592,0.524,0.473,0.424,0.379,0.36,0.351,0.338,0.299,0.282,0.272,0.246,0.256,0.263,0.249,0.24,0.239,0.241,0.223,0.235,0.235,0.251,0.258,0.245,0.222,0.229,0.232,0.195,0.178,0.193,0.192,0.211,2.04E-01,0.173,0.189,0.188,0.185,0.187,0.181,0.173,0.149,0.148,0.149,0.134,0.129,0.127,0.139,0.15,0.142,0.136,0.129,0.161,0.164,0.161,0.122,0.134,0.158,0.154,0.122,0.113,0.106,0.102,H,11
A12,70.92,1.7,1,2.447,2.288,2.202,2.14E+00,2.026,1.932,1.819,1.73,1.692,1.651,1.591,1.566,1.544,1.523,1.511,1.472,1.472,1.456,1.463,1.489,1.5,1.496,1.501,1.512,1.535,1.568,1.573,1.584,1.595,1.621,1.643,1.656,1.668,1.672,1.698,1.696,1.67,1.671,1.647,1.617,1.595,1.578,1.556,1.538,1.511,1.504,1.468,1.414,1.391,1.371,1.326,1.294,1.255,1.226,1.206,1.169,1.119,1.09,1.079,1.05,1.012,0.956,0.908,0.851,8.07E-01,7.58E-01,0.734,0.689,6.46E-01,0.59,0.561,0.522,0.474,0.444,0.413,0.383,0.358,0.338,0.315,0.32,0.297,0.289,0.279,0.264,0.267,0.277,0.281,0.258,2.47E-01,0.225,0.218,0.23,0.239,0.25,0.228,0.221,0.221,0.211,0.203,2.16E-01,0.205,2.16E-01,0.228,0.212,0.215,0.201,0.191,0.2,0.19,1.66E-01,0.183,0.186,0.201,0.213,0.211,0.194,0.187,1.93E-01,1.99E-01,0.194,0.177,0.173,0.166,0.179,1.76E-01,0.158,0.151,0.166,0.148,0.145,0.152,0.184,1.63E-01,0.147,0.152,1.53E-01,0.142,0.121,0.121,0.138,1.22E-01,A,12
B12,153.98,1.7,1.07,5.119,4.869,4.608,4.426,4.235,4.022,3.816,3.604,3.421,3.257,3.166,3.063,2.998,2.921,2.829,2.733,2.667,2.621,2.608,2.615,2.613,2.627,2.654,2.696,2.73,2.798,2.832,2.89,2.975,3.041,3.105,3.177,3.236,3.302,3.362,3.395,3.406,3.408,3.403,3.387,3.375,3.371,3.352,3.323,3.286,3.238,3.178,3.1,3.042,2.974,2.894,2.818,2.732,2.659,2.593,2.511,2.416,2.32,2.28,2.211,2.109,1.995,1.905,1.806,1.692,1.587,1.508,1.41,1.312,1.207,1.128,1.025,0.922,0.859,0.773,0.7,0.647,0.613,0.569,0.541,0.499,0.483,0.469,0.448,0.424,0.439,0.443,0.413,0.401,0.388,0.365,0.375,0.376,0.367,0.354,0.364,0.361,0.353,0.347,0.345,0.345,0.361,0.38,0.355,0.341,0.315,0.3,0.298,0.303,0.293,0.326,0.316,0.295,0.3,0.297,0.332,0.32,0.308,0.28,0.289,0.295,0.296,0.276,0.289,0.285,0.275,0.266,0.262,0.257,0.247,0.283,0.283,0.255,0.223,0.26,0.266,0.243,0.228,0.211,0.225,2.12E-01,B,12
C12,274.02,1.7,1.55,6.19,5.937,5.628,5.363,5.126,4.837,4.588,4.425,4.244,4.132,4.081,4.038,4,3.946,3.922,3.901,3.894,3.926,3.992,4.058,4.144,4.262,4.388,4.527,4.641,4.771,4.848,5.002,5.166,5.305,5.429,5.557,5.674,5.794,5.897,5.96,6,6.042,6.036,6.024,6.026,6.01,5.976,5.929,5.877,5.779,5.662,5.529,5.424,5.314,5.18,5.031,4.893,4.786,4.65,4.481,4.327,4.165,4.083,3.933,3.77,3.587,3.412,3.245,3.059,2.877,2.716,2.535,2.369,2.185,2.025,1.863,1.709,1.576,1.426,1.304,1.19,1.151,1.081,1.03E+00,0.968,0.92,0.884,0.857,0.842,0.834,0.823,0.787,0.75,0.739,0.723,0.742,0.742,0.732,0.724,0.716,0.7,0.69,0.694,0.685,0.658,0.675,0.685,0.665,0.663,0.65,0.602,0.621,0.61,0.6,0.625,0.63,0.599,0.602,0.581,0.582,0.58,0.55,0.568,0.57,0.545,0.545,0.529,0.552,0.546,0.517,0.523,0.507,0.503,0.508,0.51,0.518,0.498,0.461,0.484,0.475,0.457,0.453,0.444,0.429,4.55E-01,C,12
D12,167.075,1.64,0.39,14.948,14.563,14.206,13.697,13.022,12.488,11.808,10.977,10.177,9.503,8.918,8.329,8.03,7.458,6.834,6.213,5.656,5.19,4.786,4.422,4.138,3.889,3.688,3.567,3.495,3.459,3.437,3.413,3.413,3.428,3.457,3.495,3.531,3.557,3.596,3.626,3.631,3.644,3.631,3.614,3.591,3.579,3.552,3.525,3.49,3.447,3.379,3.291,3.223,3.179,3.098,3.011,2.925,2.863,2.807,2.698,2.601,2.51,2.466,2.383,2.288,2.183,2.076,1.975,1.856,1.747,1.643,1.517,1.429,1.326,1.219,1.106,1.01,0.932,0.853,0.774,0.7,0.668,0.615,0.579,0.546,0.521,0.484,0.463,0.464,0.459,0.447,0.425,0.416,0.393,0.367,0.364,0.385,0.368,0.343,0.353,0.336,0.336,0.347,0.354,0.358,0.367,0.346,0.309,0.313,0.324,0.289,0.305,0.304,0.277,0.268,0.286,0.291,0.283,0.256,0.259,0.269,0.249,0.274,0.269,0.25,0.232,0.25,0.248,0.252,0.234,0.231,0.234,0.233,0.2,0.225,0.225,0.239,0.224,0.239,0.214,0.202,0.212,0.21,0.198,0.183,D,12
E12,334.195,1.72,1.67,6.936,6.539,6.215,5.875,5.527,5.224,4.923,4.661,4.487,4.335,4.231,4.155,4.093,4.024,3.997,3.967,3.956,3.993,4.085,4.179,4.302,4.466,4.628,4.788,4.941,5.142,5.253,5.467,5.676,5.845,6.024,6.191,6.365,6.53,6.666,6.766,6.848,6.91,6.947,6.94,6.923,6.901,6.843,6.8,6.735,6.629,6.491,6.338,6.202,6.049,5.894,5.737,5.551,5.375,5.223,5.024,4.814,4.623,4.532,4.335,4.13,3.916,3.704,3.482,3.254,3.011,2.796,2.567,2.353,2.116,1.921,1.711,1.524,1.359,1.195,1.028,0.897,0.84,0.735,0.678,0.611,0.554,0.503,0.477,0.448,0.433,0.434,0.389,0.379,0.357,0.335,0.339,0.337,0.324,0.322,0.344,0.332,0.321,0.312,0.315,0.324,0.342,0.32,0.292,0.292,0.303,0.269,0.267,0.273,0.257,0.271,0.27,0.255,0.25,0.256,0.267,0.257,0.247,0.245,0.251,0.239,0.234,0.195,0.217,0.241,0.234,0.216,0.203,0.183,0.186,0.231,0.244,0.219,0.194,0.203,0.202,0.187,0.188,0.146,0.163,0.167,E,12
F12,383.385,1.72,1.68,7.863,7.418,7.05,6.703,6.315,5.916,5.615,5.34,5.093,4.924,4.799,4.705,4.658,4.582,4.539,4.529,4.524,4.565,4.659,4.781,4.931,5.113,5.301,5.483,5.673,5.896,6.018,6.25,6.474,6.686,6.878,7.082,7.276,7.463,7.614,7.735,7.823,7.894,7.935,7.916,7.901,7.881,7.826,7.761,7.674,7.54,7.394,7.216,7.044,6.901,6.71,6.515,6.317,6.123,5.937,5.719,5.475,5.24,5.133,4.923,4.691,4.439,4.2,3.946,3.692,3.415,3.16,2.899,2.67,2.409,2.168,1.927,1.707,1.528,1.339,1.158,1.011,0.94,8.17E-01,0.734,0.658,0.594,0.544,0.512,0.467,0.461,0.449,0.414,0.387,0.368,0.342,0.356,0.366,0.335,0.336,0.371,0.35,0.335,0.304,0.302,0.312,0.343,0.358,0.301,0.285,0.28,0.256,0.252,0.271,0.258,0.268,0.287,0.251,0.263,0.265,0.256,0.249,0.244,0.239,0.249,0.233,0.209,0.206,0.225,0.207,0.222,0.215,0.206,0.219,0.21,0.215,0.212,0.215,0.189,0.227,0.221,0.191,0.175,0.191,0.186,0.176,F,12
G12,361.355,1.73,1.68,7.281,6.905,6.521,6.159,5.839,5.487,5.21,4.966,4.758,4.573,4.466,4.378,4.328,4.275,4.239,4.229,4.256,4.291,4.382,4.496,4.647,4.818,5.003,5.174,5.347,5.574,5.686,5.902,6.112,6.303,6.477,6.665,6.845,7.014,7.149,7.249,7.32,7.378,7.406,7.412,7.393,7.365,7.306,7.247,7.168,7.033,6.885,6.709,6.565,6.419,6.239,6.051,5.859,5.681,5.51,5.308,5.085,4.865,4.76,4.571,4.338,4.111,3.882,3.646,3.399,3.14,2.914,2.682,2.451,2.212,2.005,1.781,1.558,1.382,1.216,1.048,0.896,0.833,0.728,0.635,0.584,0.517,0.468,0.432,0.397,0.39,0.384,0.359,3.23E-01,0.306,0.281,0.299,0.286,0.276,0.268,0.277,0.258,0.255,0.263,0.266,2.74E-01,0.289,2.77E-01,0.25,0.256,0.242,0.223,0.221,0.235,0.204,0.218,0.218,0.203,0.225,0.206,0.205,0.209,0.197,0.177,0.18,0.166,0.163,0.182,0.194,0.164,0.153,0.165,0.17,0.16,0.151,0.182,0.184,0.16,0.129,0.139,0.137,1.28E-01,0.134,0.125,0.127,0.12,G,12
H12,363.12,1.75,1.23,9.847,9.473,8.99,8.599,8.218,7.752,7.335,6.983,6.644,6.333,6.092,5.904,5.798,5.635,5.487,5.342,5.243,5.187,5.183,5.202,5.278,5.39,5.508,5.637,5.78,5.954,6.047,6.238,6.429,6.594,6.738,6.898,7.049,7.18,7.301,7.392,7.431,7.477,7.488,7.473,7.429,7.391,7.319,7.248,7.153,7.032,6.875,6.697,6.53,6.381,6.196,6.01,5.826,5.644,5.467,5.264,5.047,4.826,4.723,4.524,4.306,4.079,3.861,3.626,3.37E+00,3.128,2.888,2.649,2.424,2.186,1.964,1.76,1.545,1.364,1.194,1.027,0.89,0.829,0.706,0.621,0.562,0.495,4.40E-01,0.405,0.382,0.362,0.352,0.308,0.293,0.277,0.26,0.268,0.264,0.26,2.56E-01,0.258,0.235,0.244,0.247,0.227,0.236,0.251,0.258,0.245,0.238,0.241,0.211,0.197,0.207,0.18,1.92E-01,0.205,0.213,2.19E-01,0.203,0.19,0.158,0.165,0.162,0.166,0.166,1.56E-01,1.26E-01,0.155,0.159,0.142,0.151,0.143,0.127,0.144,1.40E-01,0.141,0.138,0.123,0.137,0.152,0.143,0.124,0.114,0.107,0.13,H,12
