channel,well,adapter,collinear_confidence,conductance,conductance_filtered_data,event,experiment_tag,flow_cell_id,group_1_adjusted_offset_0mv_pa,group_1_adjusted_offset_0mv_std,group_1_offset_voltage_mv,group_order,include_well,initial_0mv_current_pa,initial_0mv_current_std,initial_current_0_pa,initial_current_1_pa,initial_current_2_pa,initial_voltage_0_mv,initial_voltage_1_mv,initial_voltage_2_mv,intercept,intercept_adjusted_0mv_current_pa,intercept_adjusted_0mv_current_std,meas_cap,meas_res,multiple,mux_scan_assessment,mux_uncertain,pore,pore_1,pore_median,pore_sd,previous_offset,reserve_pore_intercept_median_mv,scan_number,scan_offset_voltage_mv,scan_running_voltage_mv,sd_cap,seconds_since_start_of_run,short_strand,strand,strand2,strand_median_pa,strand_range_pa,strand_sd_pa,total_good_samples,total_time_active,transition,triangle_ratio,unavailable,unclassed,unknown_negative,unknown_positive,zero
1,1,0,-0.11,0.001,False,0,LIS14-11-24,PBG11294,0.037,0.37,15,0,0,0.054,0.367,-0.012,0.003,0.007,-30,-40,-50,-40.631,0.002,0.376,0.01,1704.1,0,zero,0,0,0,,,0,15.28,1,15,-175,0.22,7,0,0,0,,,,0,0.0,0,1.88,0,0,0,0,56225
1,2,0,-0.51,0.001,False,0,LIS14-11-24,PBG11294,0.043,0.367,15,0,0,0.028,0.376,0.003,0.018,-0.018,-30,-40,-50,-40.321,-0.019,0.375,-0.0,-596.66,0,zero,0,0,0,,,0,15.28,1,15,-175,0.22,7,0,0,0,,,,0,0.0,0,1.26,0,0,0,0,52183
1,3,0,0.51,0.001,False,0,LIS14-11-24,PBG11294,-0.589,0.306,15,0,0,-0.61,0.304,-0.612,-0.647,-0.631,-30,-40,-50,154.951,-0.624,0.3,0.01,-4577.42,0,zero,0,0,0,,,0,15.28,1,15,-175,0.18,7,0,0,0,,,,0,0.0,0,1.28,0,0,0,0,56409
1,4,0,0.36,0.001,False,0,LIS14-11-24,PBG11294,-0.3,0.345,15,0,0,-0.353,0.341,-0.357,-0.384,-0.375,-30,-40,-50,137.143,-0.368,0.334,-0.01,1884.18,0,zero,0,0,0,,,0,15.28,1,15,-175,0.2,7,0,0,0,,,,0,0.0,0,1.5,0,0,0,0,56499
2,1,0,-0.69,0.002,False,0,LIS14-11-24,PBG11294,-0.115,0.318,15,0,0,-0.061,0.328,-0.074,-0.057,-0.109,-30,-40,-50,-20.085,-0.072,0.321,0.01,882.44,0,zero,0,0,0,,,0,15.28,1,15,-175,0.19,7,0,0,0,,,,0,0.0,0,1.67,0,0,0,0,56511
2,2,0,0.09,0.001,False,0,LIS14-11-24,PBG11294,-0.099,0.317,15,0,0,-0.046,0.327,-0.036,-0.046,-0.047,-30,-40,-50,23.919,-0.046,0.323,0.0,3426.05,0,zero,0,0,0,,,0,15.28,1,15,-175,0.19,7,0,0,0,,,,0,0.0,0,1.44,0,0,0,0,52498
2,3,0,-0.22,0.0,False,0,LIS14-11-24,PBG11294,-0.674,0.369,15,0,0,-0.657,0.365,-0.704,-0.69,-0.698,-30,-40,-50,-464.054,-0.666,0.364,-0.01,-1721.44,0,zero,0,0,0,,,0,15.28,1,15,-175,0.22,7,0,0,0,,,,0,0.0,0,1.44,0,0,0,0,56184
2,4,0,-0.01,0.003,False,0,LIS14-11-24,PBG11294,-0.354,0.338,15,0,0,-0.318,0.339,-0.312,-0.341,-0.371,-30,-40,-50,75.695,-0.331,0.348,-0.01,-2237.0,0,zero,0,0,0,,,0,15.28,1,15,-175,0.2,7,0,0,0,,,,0,0.0,0,1.69,0,0,0,0,56159
3,1,0,,,False,0,LIS14-11-24,PBG11294,,,15,0,0,,,,,,-30,-40,-50,,,,,,0,saturated,0,0,0,,,0,15.28,1,15,-175,,7,0,0,0,,,,0,0.0,0,,0,0,0,0,0
3,2,0,,,False,0,LIS14-11-24,PBG11294,,,15,0,0,,,,,,-30,-40,-50,,,,,,0,saturated,0,0,0,,,0,15.28,1,15,-175,,7,0,0,0,,,,0,0.0,0,,0,0,0,0,0
3,3,0,0.21,0.0,False,0,LIS14-11-24,PBG11294,-0.698,0.341,15,0,0,-0.706,0.349,-0.714,-0.728,-0.721,-30,-40,-50,475.0,-0.75,0.342,0.02,3211.38,0,zero,0,0,0,,,0,15.28,1,15,-175,0.2,7,0,0,0,,,,0,0.0,0,1.2,0,0,0,0,56301
3,4,0,,,False,0,LIS14-11-24,PBG11294,,,15,0,0,,,,,,-30,-40,-50,,,,,,0,saturated,0,0,0,,,0,15.28,1,15,-175,,7,0,0,0,,,,0,0.0,0,,0,0,0,0,0
4,1,0,,,False,0,LIS14-11-24,PBG11294,,,15,0,0,,,,,,-30,-40,-50,,,,,,0,saturated,0,0,0,,,0,15.28,1,15,-175,,7,0,0,0,,,,0,0.0,0,,0,0,0,0,0
4,2,0,,,False,0,LIS14-11-24,PBG11294,,,15,0,0,,,,,,-30,-40,-50,,,,,,0,saturated,0,0,0,,,0,15.28,1,15,-175,,7,0,0,0,,,,0,0.0,0,,0,0,0,0,0
4,3,0,,,False,0,LIS14-11-24,PBG11294,,,15,0,0,,,,,,-30,-40,-50,,,,,,0,saturated,0,0,0,,,0,15.28,1,15,-175,,7,0,0,0,,,,0,0.0,0,,0,0,0,0,0
4,4,0,,,False,0,LIS14-11-24,PBG11294,,,15,0,0,,,,,,-30,-40,-50,,,,,,0,saturated,0,0,0,,,0,15.28,1,15,-175,,7,0,0,0,,,,0,0.0,0,,0,0,0,0,0
5,1,0,,,False,0,LIS14-11-24,PBG11294,,,15,0,0,,,,,,-30,-40,-50,,,,,,0,saturated,0,0,0,,,0,15.28,1,15,-175,,7,0,0,0,,,,0,0.0,0,,0,0,0,0,0
5,2,0,,,False,0,LIS14-11-24,PBG11294,,,15,0,0,,,,,,-30,-40,-50,,,,,,0,saturated,0,0,0,,,0,15.28,1,15,-175,,7,0,0,0,,,,0,0.0,0,,0,0,0,0,0
5,3,0,,,False,0,LIS14-11-24,PBG11294,,,15,0,0,,,,,,-30,-40,-50,,,,,,0,saturated,0,0,0,,,0,15.28,1,15,-175,,7,0,0,0,,,,0,0.0,0,,0,0,0,0,0
5,4,0,,,False,0,LIS14-11-24,PBG11294,,,15,0,0,,,,,,-30,-40,-50,,,,,,0,saturated,0,0,0,,,0,15.28,1,15,-175,,7,0,0,0,,,,0,0.0,0,,0,0,0,0,0
6,1,0,,,False,0,LIS14-11-24,PBG11294,,,15,0,0,,,,,,-30,-40,-50,,,,,,0,saturated,0,0,0,,,0,15.28,1,15,-175,,7,0,0,0,,,,0,0.0,0,,0,0,0,0,0
6,2,2386,6.34,0.897,True,47,LIS14-11-24,PBG11294,5.742,0.497,15,1,1,17.027,0.671,41.908,50.561,59.848,-30,-40,-50,16.579,5.673,0.527,6.23,1.13,0,single_pore,0,5090,521,214.94,0.97,0,15.28,1,15,-175,11.22,7,44402,0,0,,,,51925,0.0,0,4.45,0,0,0,0,0
6,3,0,,,False,0,LIS14-11-24,PBG11294,,,15,0,0,,,,,,-30,-40,-50,,,,,,0,saturated,0,0,0,,,0,15.28,1,15,-175,,7,0,0,0,,,,0,0.0,0,,0,0,0,0,0
6,4,0,5.89,2.773,False,0,LIS14-11-24,PBG11294,12.971,0.752,15,0,0,47.301,3.318,129.939,157.37,185.39,-30,-40,-50,16.829,12.218,0.841,10.17,-0.36,0,saturated,0,0,0,,,0,15.28,1,15,-175,31.08,7,0,0,0,,,,0,0.0,0,5.53,0,0,0,0,0
7,1,0,,,False,0,LIS14-11-24,PBG11294,,,15,0,0,,,,,,-30,-40,-50,,,,,,0,saturated,0,0,0,,,0,15.28,1,15,-175,,7,0,0,0,,,,0,0.0,0,,0,0,0,0,0
7,2,0,,,False,0,LIS14-11-24,PBG11294,75.702,1.256,15,0,0,200.548,4.243,,,,-30,-40,-50,,73.956,1.495,,,0,saturated,0,0,0,,,0,15.28,1,15,-175,,7,0,0,0,,,,0,0.0,0,,0,0,0,0,0
7,3,0,,,False,0,LIS14-11-24,PBG11294,,,15,0,0,,,,,,-30,-40,-50,,,,,,0,saturated,0,0,0,,,0,15.28,1,15,-175,,7,0,0,0,,,,0,0.0,0,,0,0,0,0,0
7,4,0,,,False,0,LIS14-11-24,PBG11294,,,15,0,0,,,,,,-30,-40,-50,,,,,,0,saturated,0,0,0,,,0,15.28,1,15,-175,,7,0,0,0,,,,0,0.0,0,,0,0,0,0,0
8,1,0,,,False,0,LIS14-11-24,PBG11294,31.996,0.888,15,0,0,127.678,3.013,,,,-30,-40,-50,,31.09,0.88,,,0,saturated,0,0,0,,,0,15.28,1,15,-175,,7,0,0,0,,,,0,0.0,0,,0,0,0,0,0
8,2,0,17.56,1.985,False,0,LIS14-11-24,PBG11294,10.265,0.646,15,0,0,33.896,0.9,86.103,105.076,125.805,-30,-40,-50,13.193,10.215,0.687,5.76,-0.53,0,saturated,0,0,0,,,0,15.28,1,15,-175,20.97,7,0,0,0,,,,0,0.0,0,11.56,0,0,0,0,0
8,3,49,74.27,1.356,False,795,LIS14-11-24,PBG11294,5.1,0.488,15,0,0,19.821,1.796,51.711,61.557,78.83,-30,-40,-50,6.072,5.205,0.541,4.82,0.88,4588,multiple,0,0,46545,,,0,15.28,1,15,-175,13.23,7,0,0,0,,,,0,0.0,0,3.62,0,0,0,1701,0
8,4,0,,,False,0,LIS14-11-24,PBG11294,,,15,0,0,,,,,,-30,-40,-50,,,,,,0,saturated,0,0,0,,,0,15.28,1,15,-175,,7,0,0,0,,,,0,0.0,0,,0,0,0,0,0
9,1,0,6.87,0.934,True,0,LIS14-11-24,PBG11294,6.413,0.562,15,1,1,17.638,0.638,43.043,52.039,61.722,-30,-40,-50,15.939,6.39,0.545,3.91,1.11,0,single_pore,0,1589,17,223.7,1.03,0,15.28,1,15,-175,10.3,7,53177,0,0,,,,54766,0.0,0,3.98,0,0,0,0,0
9,2,3191,3.55,1.253,False,2807,LIS14-11-24,PBG11294,7.343,0.493,15,0,0,23.108,0.565,58.132,70.488,83.199,-30,-40,-50,16.33,7.282,0.529,4.96,0.82,1519,multiple,0,808,42637,184.83,1.79,0,15.28,1,15,-175,13.64,7,0,0,0,,,,0,0.0,0,3.57,0,0,0,3595,0
9,3,5121,8.66,1.234,False,757,LIS14-11-24,PBG11294,6.817,0.469,15,0,0,21.816,0.644,55.004,66.914,79.69,-30,-40,-50,14.424,6.805,0.474,4.83,0.86,14117,multiple,0,3659,29697,217.88,1.46,0,15.28,1,15,-175,13.07,7,0,0,0,,,,0,0.0,0,3.65,0,0,0,1039,0
9,4,0,-48.74,0.536,True,0,LIS14-11-24,PBG11294,4.297,0.526,15,0,0,10.907,0.727,26.379,34.18,37.107,-30,-40,-50,16.785,4.169,0.463,4.83,1.97,0,unavailable,0,0,3649,,,0,15.28,1,15,-175,7.22,7,0,0,0,,,,0,0.0,0,2.75,23060,0,0,15152,0
10,1,551,7.38,1.119,False,79,LIS14-11-24,PBG11294,6.254,0.493,15,1,1,19.966,0.807,50.329,61.155,72.719,-30,-40,-50,14.827,6.209,0.542,4.36,0.92,0,single_pore,0,3513,38315,251.54,0.95,0,15.28,1,15,-175,12.11,7,12232,0,0,,,,16375,0.0,0,3.47,0,0,0,916,0
10,2,0,,,False,0,LIS14-11-24,PBG11294,29.679,1.252,15,0,0,116.218,3.662,301.563,,,-30,-40,-50,,30.684,1.04,13.75,0.28,0,saturated,0,0,0,,,0,15.28,1,15,-175,40.47,7,0,0,0,,,,0,0.0,0,1.92,0,0,0,0,0
10,3,0,0.7,4.44,False,0,LIS14-11-24,PBG11294,15.411,0.672,15,0,0,75.564,1.72,212.015,256.376,300.807,-30,-40,-50,17.753,14.904,0.608,38.66,-0.25,0,saturated,0,0,0,,,0,15.28,1,15,-175,45.98,7,0,0,0,,,,0,0.0,0,4.02,0,0,0,0,0
10,4,0,-58.23,1.57,False,0,LIS14-11-24,PBG11294,7.497,0.83,15,0,0,27.088,1.624,71.817,90.429,103.218,-30,-40,-50,15.721,7.759,0.613,6.84,0.69,7261,saturated,0,0,20603,,,0,15.28,1,15,-175,16.56,7,0,0,0,,,,0,0.0,0,5.07,0,0,0,113,0
11,1,0,-0.64,0.0,False,0,LIS14-11-24,PBG11294,0.008,0.45,15,0,0,-0.003,0.446,-0.002,0.032,0.002,-30,-40,-50,-39.382,0.038,0.438,0.0,2432.84,0,zero,0,0,0,,,0,15.28,1,15,-175,0.26,7,0,0,0,,,,0,0.0,0,1.8,0,0,0,0,56362
11,2,0,0.36,0.004,False,0,LIS14-11-24,PBG11294,0.009,0.447,15,0,0,0.04,0.439,0.059,0.003,-0.017,-30,-40,-50,-43.673,0.027,0.453,0.01,-2950.2,0,zero,0,0,0,,,0,15.28,1,15,-175,0.26,7,0,0,0,,,,0,0.0,0,1.52,0,0,0,0,52219
11,3,0,-0.89,0.003,False,0,LIS14-11-24,PBG11294,-0.581,0.492,15,0,0,-0.62,0.483,-0.54,-0.527,-0.603,-30,-40,-50,66.123,-0.612,0.491,0.01,790.45,0,zero,0,0,0,,,0,15.28,1,15,-175,0.29,7,0,0,0,,,,0,0.0,0,1.25,0,0,0,0,56316
11,4,0,0.39,0.0,False,0,LIS14-11-24,PBG11294,-0.333,0.489,15,0,0,-0.334,0.491,-0.292,-0.311,-0.291,-30,-40,-50,-51.732,-0.279,0.489,-0.0,-2049.37,0,zero,0,0,0,,,0,15.28,1,15,-175,0.29,7,0,0,0,,,,0,0.0,0,1.3,0,0,0,0,56278
12,1,0,-0.51,0.0,False,0,LIS14-11-24,PBG11294,-0.045,0.331,15,0,0,-0.024,0.339,-0.011,0.014,-0.012,-30,-40,-50,-39.931,-0.034,0.338,0.02,3083.09,0,zero,0,0,0,,,0,15.28,1,15,-175,0.2,7,0,0,0,,,,0,0.0,0,1.24,0,0,0,0,56204
12,2,0,-0.22,0.001,False,0,LIS14-11-24,PBG11294,0.05,0.331,15,0,0,0.017,0.33,0.018,0.017,-0.006,-30,-40,-50,-46.293,0.053,0.344,0.01,-908.08,0,zero,0,0,0,,,0,15.28,1,15,-175,0.2,7,0,0,0,,,,0,0.0,0,2.05,0,0,0,0,52299
12,3,0,0.04,0.003,False,0,LIS14-11-24,PBG11294,-0.512,0.3,15,0,0,-0.524,0.299,-0.482,-0.512,-0.538,-30,-40,-50,142.071,-0.533,0.299,-0.01,-3057.54,0,zero,0,0,0,,,0,15.28,1,15,-175,0.17,7,0,0,0,,,,0,0.0,0,1.33,0,0,0,0,56343
12,4,0,0.09,0.003,False,0,LIS14-11-24,PBG11294,-0.212,0.307,15,0,0,-0.237,0.31,-0.194,-0.23,-0.257,-30,-40,-50,31.577,-0.223,0.312,-0.0,-1320.25,0,zero,0,0,0,,,0,15.28,1,15,-175,0.19,7,0,0,0,,,,0,0.0,0,1.66,0,0,0,0,56240
13,1,0,4.4,0.001,False,0,LIS14-11-24,PBG11294,-1.6,0.352,15,0,0,3.434,0.367,6.493,6.283,6.513,-30,-40,-50,-0.392,-4.766,0.428,0.75,-5.49,0,unavailable,0,0,0,,,0,15.28,1,15,-175,1.99,7,0,0,0,,,,0,0.0,0,3.67,31901,0,0,8013,3946
13,2,0,,,False,0,LIS14-11-24,PBG11294,,,15,0,0,,,,,,-30,-40,-50,,,,,,0,saturated,0,0,0,,,0,15.28,1,15,-175,,7,0,0,0,,,,0,0.0,0,,0,0,0,0,0
13,3,0,-0.13,0.003,False,0,LIS14-11-24,PBG11294,-0.796,0.396,15,0,0,-0.764,0.403,-0.799,-0.823,-0.86,-30,-40,-50,227.211,-0.795,0.392,0.02,523.41,0,zero,0,0,0,,,0,15.28,1,15,-175,0.23,7,0,0,0,,,,0,0.0,0,1.73,0,0,0,0,56374
13,4,0,,,False,0,LIS14-11-24,PBG11294,,,15,0,0,,,,,,-30,-40,-50,,,,,,0,saturated,0,0,0,,,0,15.28,1,15,-175,,7,0,0,0,,,,0,0.0,0,,0,0,0,0,0
14,1,0,,,False,0,LIS14-11-24,PBG11294,,,15,0,0,,,,,,-30,-40,-50,,,,,,0,saturated,0,0,0,,,0,15.28,1,15,-175,,7,0,0,0,,,,0,0.0,0,,0,0,0,0,0
14,2,0,,,False,0,LIS14-11-24,PBG11294,,,15,0,0,,,,,,-30,-40,-50,,,,,,0,saturated,0,0,0,,,0,15.28,1,15,-175,,7,0,0,0,,,,0,0.0,0,,0,0,0,0,0
14,3,0,,,False,0,LIS14-11-24,PBG11294,,,15,0,0,,,,,,-30,-40,-50,,,,,,0,saturated,0,0,0,,,0,15.28,1,15,-175,,7,0,0,0,,,,0,0.0,0,,0,0,0,0,0
14,4,0,,,False,0,LIS14-11-24,PBG11294,,,15,0,0,,,,,,-30,-40,-50,,,,,,0,saturated,0,0,0,,,0,15.28,1,15,-175,,7,0,0,0,,,,0,0.0,0,,0,0,0,0,0
15,1,0,,,False,0,LIS14-11-24,PBG11294,,,15,0,0,,,,,,-30,-40,-50,,,,,,0,saturated,0,0,0,,,0,15.28,1,15,-175,,7,0,0,0,,,,0,0.0,0,,0,0,0,0,0
15,2,0,,,False,0,LIS14-11-24,PBG11294,,,15,0,0,,,,,,-30,-40,-50,,,,,,0,saturated,0,0,0,,,0,15.28,1,15,-175,,7,0,0,0,,,,0,0.0,0,,0,0,0,0,0
15,3,0,,,False,0,LIS14-11-24,PBG11294,,,15,0,0,,,,,,-30,-40,-50,,,,,,0,saturated,0,0,0,,,0,15.28,1,15,-175,,7,0,0,0,,,,0,0.0,0,,0,0,0,0,0
15,4,0,,,False,0,LIS14-11-24,PBG11294,,,15,0,0,,,,,,-30,-40,-50,,,,,,0,saturated,0,0,0,,,0,15.28,1,15,-175,,7,0,0,0,,,,0,0.0,0,,0,0,0,0,0
16,1,0,,,False,0,LIS14-11-24,PBG11294,,,15,0,0,,,,,,-30,-40,-50,,,,,,0,saturated,0,0,0,,,0,15.28,1,15,-175,,7,0,0,0,,,,0,0.0,0,,0,0,0,0,0
16,2,1043,-2.12,1.018,False,14,LIS14-11-24,PBG11294,6.613,0.566,15,1,1,18.615,0.856,45.177,55.463,65.537,-30,-40,-50,14.411,6.405,0.703,5.46,1.02,0,single_pore,0,5849,3416,232.31,1.04,0,15.28,1,15,-175,11.53,7,41092,0,0,,,,47998,0.0,0,6.11,0,0,0,550,0
16,3,0,-31.23,2.293,False,0,LIS14-11-24,PBG11294,,,15,0,0,44.921,1.343,116.376,140.868,162.237,-30,-40,-50,20.884,,,,,0,saturated,0,0,0,,,0,15.28,1,15,-175,,7,0,0,0,,,,0,0.0,0,,0,0,0,0,0
16,4,0,,,False,0,LIS14-11-24,PBG11294,97.499,1.617,15,0,0,,,,,,-30,-40,-50,,97.105,1.487,,,0,saturated,0,0,0,,,0,15.28,1,15,-175,,7,0,0,0,,,,0,0.0,0,,0,0,0,0,0
17,1,679,-1.9,0.882,True,0,LIS14-11-24,PBG11294,6.712,0.465,15,3,1,16.664,0.573,40.176,49.092,57.818,-30,-40,-50,15.58,5.801,0.51,4.08,1.19,0,single_pore,0,15842,35462,251.8,1.21,0,15.28,1,15,-175,9.7,7,0,0,0,,,,16521,0.0,0,5.22,0,0,0,1995,498
17,2,581,5.37,0.915,True,0,LIS14-11-24,PBG11294,6.074,0.51,15,4,1,17.083,0.485,41.552,50.435,59.855,-30,-40,-50,15.291,5.915,0.533,4.03,1.14,0,single_pore,0,0,377,,,0,15.28,1,15,-175,10.02,7,43573,0,0,,,,44154,0.0,0,4.61,1983,0,0,5604,314
17,3,353,7.88,0.774,True,48,LIS14-11-24,PBG11294,5.198,0.453,15,1,1,14.753,0.96,36.537,43.882,52.015,-30,-40,-50,16.993,5.13,0.457,3.44,8.25,0,single_pore,0,34955,495,196.91,1.78,0,15.28,1,15,-175,6.61,7,16025,0,0,,,,51381,0.0,0,1.36,0,0,0,1406,3150
17,4,0,4.08,0.906,True,3,LIS14-11-24,PBG11294,5.939,0.525,15,2,1,17.038,0.538,41.465,50.325,59.593,-30,-40,-50,15.662,5.895,0.499,3.96,1.13,0,single_pore,0,2359,0,214.08,1.03,0,15.28,1,15,-175,10.04,7,36052,16016,0,101.31,65.0,1.76,54430,0.0,0,4.38,0,0,0,0,0
18,1,0,10.25,1.382,False,0,LIS14-11-24,PBG11294,7.721,0.474,15,0,0,25.501,0.639,65.459,78.77,93.106,-30,-40,-50,17.204,7.594,0.457,5.21,0.76,1166,saturated,0,0,10034,,,0,15.28,1,15,-175,14.86,7,0,0,0,,,,0,0.0,0,3.34,0,0,0,0,0
18,2,2108,2.64,0.938,True,48,LIS14-11-24,PBG11294,6.279,0.507,15,1,1,17.036,0.614,41.624,50.877,60.394,-30,-40,-50,14.301,6.015,0.517,3.99,1.13,0,single_pore,0,7847,101,218.5,0.96,0,15.28,1,15,-175,10.08,7,46632,0,0,,,,56635,0.0,0,4.37,0,0,0,579,0
18,3,0,,,False,0,LIS14-11-24,PBG11294,,,15,0,0,,,,,,-30,-40,-50,,,,,,0,saturated,0,0,0,,,0,15.28,1,15,-175,,7,0,0,0,,,,0,0.0,0,,0,0,0,0,0
18,4,628,0.2,1.125,False,208,LIS14-11-24,PBG11294,6.647,0.563,15,0,0,19.451,0.626,49.609,60.847,72.105,-30,-40,-50,14.102,6.469,0.537,4.58,0.93,0,other,0,8753,44946,259.0,1.18,0,15.28,1,15,-175,12.09,7,0,0,0,,,,9589,0.0,0,3.92,0,0,0,193,0
19,1,4031,-25.95,1.063,False,18,LIS14-11-24,PBG11294,6.649,0.617,15,1,1,19.335,0.638,45.594,57.525,66.861,-30,-40,-50,13.021,6.667,0.599,4.18,1.02,0,single_pore,0,0,4791,,,0,15.28,1,15,-175,11.23,7,45126,0,0,,,,49175,0.0,0,3.71,0,0,0,3278,0
19,2,0,,,False,0,LIS14-11-24,PBG11294,,,15,0,0,,,,,,-30,-40,-50,,,,,,0,saturated,0,0,0,,,0,15.28,1,15,-175,,7,0,0,0,,,,0,0.0,0,,0,0,0,0,0
19,3,0,84.98,1.847,False,385,LIS14-11-24,PBG11294,6.39,0.661,15,0,0,23.62,1.328,66.606,80.824,103.54,-30,-40,-50,4.515,6.872,0.582,4.26,0.83,18981,saturated,0,0,21081,,,0,15.28,1,15,-175,13.57,7,0,0,0,,,,0,0.0,0,3.83,0,0,0,14326,0
19,4,0,,,False,0,LIS14-11-24,PBG11294,29.333,0.889,15,0,0,90.409,1.376,216.071,264.346,,-30,-40,-50,,29.111,0.883,43.82,-0.31,0,saturated,0,0,0,,,0,15.28,1,15,-175,45.66,7,0,0,0,,,,0,0.0,0,1.8,0,0,0,0,0
20,1,0,-12.74,2.09,False,0,LIS14-11-24,PBG11294,7.973,0.701,15,0,0,33.273,1.433,92.208,113.741,134.0,-30,-40,-50,14.212,8.027,0.775,7.27,-0.48,0,saturated,0,0,0,,,0,15.28,1,15,-175,23.04,7,0,0,0,,,,0,0.0,0,6.54,0,0,0,0,0
20,2,2033,3.23,0.92,True,40,LIS14-11-24,PBG11294,5.953,0.582,15,2,1,16.868,0.787,41.426,50.462,59.821,-30,-40,-50,14.976,5.946,0.508,4.92,1.13,0,single_pore,0,2340,156,216.86,1.22,0,15.28,1,15,-175,10.46,7,48052,0,0,,,,52465,0.0,0,6.1,0,0,0,51,0
20,3,16251,5.37,1.099,False,1157,LIS14-11-24,PBG11294,6.284,0.45,15,3,1,19.596,0.601,49.38,60.102,71.361,-30,-40,-50,14.837,6.23,0.44,4.78,0.92,0,single_pore,0,0,29980,,,0,15.28,1,15,-175,12.36,7,0,0,0,,,,17408,0.0,0,4.21,0,0,0,6926,0
20,4,566,-1.26,0.92,True,0,LIS14-11-24,PBG11294,5.994,0.474,15,1,1,16.873,0.716,41.398,50.664,59.804,-30,-40,-50,15.005,5.887,0.469,5.09,1.14,0,single_pore,0,338,121,214.4,2.06,0,15.28,1,15,-175,10.58,7,53136,0,0,,,,54040,0.0,0,5.85,0,0,0,578,0
21,1,0,-0.09,0.001,False,0,LIS14-11-24,PBG11294,0.112,0.318,15,0,0,0.106,0.321,0.075,0.091,0.098,-30,-40,-50,32.806,0.062,0.329,-0.0,22826.83,0,zero,0,0,0,,,0,15.28,1,15,-175,0.19,7,0,0,0,,,,0,0.0,0,1.4,0,0,0,0,56159
21,2,0,-0.39,0.001,False,0,LIS14-11-24,PBG11294,0.084,0.328,15,0,0,0.074,0.323,0.067,0.072,0.038,-30,-40,-50,-65.386,0.061,0.336,-0.01,11541.26,0,zero,0,0,0,,,0,15.28,1,15,-175,0.19,7,0,0,0,,,,0,0.0,0,1.37,0,0,0,0,52208
21,3,0,0.56,0.002,False,0,LIS14-11-24,PBG11294,-0.439,0.346,15,0,0,-0.478,0.35,-0.433,-0.477,-0.465,-30,-40,-50,101.753,-0.471,0.351,-0.01,-1844.27,0,zero,0,0,0,,,0,15.28,1,15,-175,0.21,7,0,0,0,,,,0,0.0,0,1.53,0,0,0,0,56231
21,4,0,-0.19,0.0,False,0,LIS14-11-24,PBG11294,-0.17,0.351,15,0,0,-0.244,0.35,-0.243,-0.234,-0.244,-30,-40,-50,-0.385,-0.256,0.353,0.0,-1408.47,0,zero,0,0,0,,,0,15.28,1,15,-175,0.21,7,0,0,0,,,,0,0.0,0,1.38,0,0,0,0,56267
22,1,0,0.12,0.004,False,0,LIS14-11-24,PBG11294,-0.151,0.317,15,0,0,-0.084,0.32,-0.048,-0.097,-0.134,-30,-40,-50,-18.512,-0.106,0.321,0.02,-3918.39,0,zero,0,0,0,,,0,15.28,1,15,-175,0.19,7,0,0,0,,,,0,0.0,0,1.41,0,0,0,0,56240
22,2,0,0.13,0.0,False,0,LIS14-11-24,PBG11294,-0.151,0.312,15,0,0,-0.088,0.322,-0.132,-0.142,-0.139,-30,-40,-50,142.975,-0.111,0.321,-0.01,587.93,0,zero,0,0,0,,,0,15.28,1,15,-175,0.19,7,0,0,0,,,,0,0.0,0,1.69,0,0,0,0,52182
22,3,0,-0.12,0.0,False,0,LIS14-11-24,PBG11294,-0.639,0.294,15,0,0,-0.618,0.3,-0.679,-0.67,-0.673,-30,-40,-50,-1002.857,-0.643,0.294,0.01,-1003.75,0,zero,0,0,0,,,0,15.28,1,15,-175,0.18,7,0,0,0,,,,0,0.0,0,1.31,0,0,0,0,56349
22,4,0,-0.23,0.002,False,0,LIS14-11-24,PBG11294,-0.392,0.293,15,0,0,-0.382,0.296,-0.38,-0.387,-0.417,-30,-40,-50,148.991,-0.398,0.294,-0.0,1671.89,0,zero,0,0,0,,,0,15.28,1,15,-175,0.17,7,0,0,0,,,,0,0.0,0,2.1,0,0,0,0,56466
23,1,0,,,False,0,LIS14-11-24,PBG11294,,,15,0,0,,,,,,-30,-40,-50,,,,,,0,saturated,0,0,0,,,0,15.28,1,15,-175,,7,0,0,0,,,,0,0.0,0,,0,0,0,0,0
23,2,0,,,False,0,LIS14-11-24,PBG11294,,,15,0,0,,,,,,-30,-40,-50,,,,,,0,saturated,0,0,0,,,0,15.28,1,15,-175,,7,0,0,0,,,,0,0.0,0,,0,0,0,0,0
23,3,0,0.31,0.0,False,0,LIS14-11-24,PBG11294,-0.475,0.356,15,0,0,-0.494,0.351,-0.503,-0.52,-0.506,-30,-40,-50,52.854,-0.536,0.349,0.02,2033.16,0,zero,0,0,0,,,0,15.28,1,15,-175,0.21,7,0,0,0,,,,0,0.0,0,1.03,0,0,0,0,56247
23,4,0,,,False,0,LIS14-11-24,PBG11294,,,15,0,0,,,,,,-30,-40,-50,,,,,,0,saturated,0,0,0,,,0,15.28,1,15,-175,,7,0,0,0,,,,0,0.0,0,,0,0,0,0,0
24,1,0,,,False,0,LIS14-11-24,PBG11294,,,15,0,0,,,,,,-30,-40,-50,,,,,,0,saturated,0,0,0,,,0,15.28,1,15,-175,,7,0,0,0,,,,0,0.0,0,,0,0,0,0,0
24,2,0,,,False,0,LIS14-11-24,PBG11294,,,15,0,0,,,,,,-30,-40,-50,,,,,,0,saturated,0,0,0,,,0,15.28,1,15,-175,,7,0,0,0,,,,0,0.0,0,,0,0,0,0,0
24,3,56,10.34,0.927,True,2801,LIS14-11-24,PBG11294,5.712,0.591,15,0,0,16.895,0.591,42.117,50.871,60.659,-30,-40,-50,15.186,5.642,0.554,8.37,1.11,2707,saturated,0,0,37078,,,0,15.28,1,15,-175,12.62,7,0,0,0,,,,0,0.0,0,2.86,0,0,0,11943,0
24,4,591,-99.99,0.934,False,70,LIS14-11-24,PBG11294,4.08,1.083,15,0,0,13.632,0.938,31.01,45.352,49.695,-30,-40,-50,1.057,4.253,0.485,5.39,2.23,0,unavailable,0,75,15911,174.16,0.82,0,15.28,1,15,-175,7.54,7,11196,0,0,,,,11932,0.0,0,2.63,3059,0,0,23140,0
25,1,0,,,False,0,LIS14-11-24,PBG11294,,,15,0,0,,,,,,-30,-40,-50,,,,,,0,saturated,0,0,0,,,0,15.28,1,15,-175,,7,0,0,0,,,,0,0.0,0,,0,0,0,0,0
25,2,0,,,False,0,LIS14-11-24,PBG11294,,,15,0,0,,,,,,-30,-40,-50,,,,,,0,saturated,0,0,0,,,0,15.28,1,15,-175,,7,0,0,0,,,,0,0.0,0,,0,0,0,0,0
25,3,7136,-60.6,0.59,False,154,LIS14-11-24,PBG11294,5.398,0.449,15,1,1,16.324,0.575,40.596,49.521,52.386,-30,-40,-50,34.057,5.293,0.465,3.89,1.14,0,single_pore,0,16049,1443,213.91,1.02,0,15.28,1,15,-175,9.99,7,29712,0,0,,,,53051,0.0,0,4.23,0,0,0,270,0
25,4,0,,,False,0,LIS14-11-24,PBG11294,,,15,0,0,,,,,,-30,-40,-50,,,,,,0,saturated,0,0,0,,,0,15.28,1,15,-175,,7,0,0,0,,,,0,0.0,0,,0,0,0,0,0
26,1,0,,,False,0,LIS14-11-24,PBG11294,,,15,0,0,,,,,,-30,-40,-50,,,,,,0,saturated,0,0,0,,,0,15.28,1,15,-175,,7,0,0,0,,,,0,0.0,0,,0,0,0,0,0
26,2,2061,1.89,0.919,True,201,LIS14-11-24,PBG11294,6.0,0.434,15,2,1,17.005,0.538,41.314,50.407,59.689,-30,-40,-50,14.931,5.877,0.471,5.0,1.14,0,single_pore,0,5303,405,213.83,1.02,0,15.28,1,15,-175,10.46,7,17864,0,0,,,,25429,0.0,0,5.96,16006,0,0,8005,0
26,3,0,,,False,0,LIS14-11-24,PBG11294,,,15,0,0,,,,,,-30,-40,-50,,,,,,0,saturated,0,0,0,,,0,15.28,1,15,-175,,7,0,0,0,,,,0,0.0,0,,0,0,0,0,0
26,4,456,4.28,0.914,True,30,LIS14-11-24,PBG11294,5.854,0.494,15,1,1,17.177,0.503,41.62,50.547,59.902,-30,-40,-50,15.443,5.795,0.461,5.56,1.13,0,single_pore,0,2749,166,215.19,0.87,0,15.28,1,15,-175,10.82,7,51714,0,0,,,,54949,0.0,0,5.46,0,0,0,0,0
27,1,0,,,False,0,LIS14-11-24,PBG11294,,,15,0,0,,,,,,-30,-40,-50,,,,,,0,saturated,0,0,0,,,0,15.28,1,15,-175,,7,0,0,0,,,,0,0.0,0,,0,0,0,0,0
27,2,1604,-2.83,0.93,True,76,LIS14-11-24,PBG11294,6.179,0.528,15,1,1,18.177,0.885,41.66,51.097,60.251,-30,-40,-50,14.864,6.029,0.517,4.36,1.13,0,single_pore,0,4117,1819,219.79,1.23,0,15.28,1,15,-175,10.21,7,45413,0,0,,,,51210,0.0,0,5.45,552,0,0,517,0
27,3,0,1.24,0.917,True,0,LIS14-11-24,PBG11294,5.336,0.476,15,2,1,16.421,0.588,40.963,50.073,59.307,-30,-40,-50,14.638,5.32,0.438,3.97,1.13,0,single_pore,0,0,0,,,0,15.28,1,15,-175,10.05,7,36038,16008,0,99.21,59.3,1.95,52046,0.0,0,4.44,0,0,0,45,0
27,4,0,,,False,0,LIS14-11-24,PBG11294,28.447,2.909,15,0,0,141.774,9.599,,,,-30,-40,-50,,26.432,2.581,,,0,saturated,0,0,0,,,0,15.28,1,15,-175,,7,0,0,0,,,,0,0.0,0,,0,0,0,0,0
28,1,0,140.01,3.58,False,0,LIS14-11-24,PBG11294,22.627,0.808,15,0,0,65.724,1.781,166.579,195.38,238.182,-30,-40,-50,15.174,21.618,0.968,13.58,-0.28,0,saturated,0,0,0,,,0,15.28,1,15,-175,38.51,7,0,0,0,,,,0,0.0,0,4.72,0,0,0,0,0
28,2,0,42.65,0.814,True,130,LIS14-11-24,PBG11294,4.163,0.547,15,0,0,11.258,0.695,27.063,33.07,43.342,-30,-40,-50,1.428,3.954,0.521,3.42,1.9,0,unavailable,0,0,2917,,,0,15.28,1,15,-175,6.53,7,0,0,0,,,,130,0.0,0,4.94,26131,0,0,21715,0
28,3,0,3.3,0.522,True,0,LIS14-11-24,PBG11294,3.419,0.418,15,0,0,10.394,0.51,24.878,29.929,35.31,-30,-40,-50,17.571,3.361,0.391,3.25,1.93,0,unavailable,0,0,0,,,0,15.28,1,15,-175,6.35,7,0,0,0,,,,0,0.0,0,5.42,31974,0,0,8027,0
28,4,0,,,False,0,LIS14-11-24,PBG11294,,,15,0,0,,,,,,-30,-40,-50,,,,,,0,saturated,0,0,0,,,0,15.28,1,15,-175,,7,0,0,0,,,,0,0.0,0,,0,0,0,0,0
29,1,0,,,False,0,LIS14-11-24,PBG11294,,,15,0,0,,,,,,-30,-40,-50,,,,,,0,saturated,0,0,0,,,0,15.28,1,15,-175,,7,0,0,0,,,,0,0.0,0,,0,0,0,0,0
29,2,0,,,False,0,LIS14-11-24,PBG11294,,,15,0,0,,,,,,-30,-40,-50,,,,,,0,saturated,0,0,0,,,0,15.28,1,15,-175,,7,0,0,0,,,,0,0.0,0,,0,0,0,0,0
29,3,0,7.0,2.749,False,0,LIS14-11-24,PBG11294,13.894,0.676,15,0,0,47.014,1.055,121.932,149.071,176.91,-30,-40,-50,14.311,13.859,0.785,10.44,-0.38,0,saturated,0,0,0,,,0,15.28,1,15,-175,28.96,7,0,0,0,,,,0,0.0,0,4.37,0,0,0,0,0
29,4,1803,4.65,0.92,True,51,LIS14-11-24,PBG11294,5.589,0.547,15,1,1,16.589,0.565,41.215,50.183,59.616,-30,-40,-50,14.701,5.527,0.527,3.85,1.13,0,single_pore,0,281,438,216.13,0.94,0,15.28,1,15,-175,10.11,7,51496,0,0,,,,53631,0.0,0,4.0,0,0,0,475,0
30,1,1119,3.61,0.903,True,100,LIS14-11-24,PBG11294,5.715,0.517,15,1,1,16.684,0.608,41.04,49.888,59.097,-30,-40,-50,15.382,5.671,0.467,3.96,1.15,0,single_pore,0,12463,98,212.72,1.27,0,15.28,1,15,-175,9.97,7,40677,0,0,,,,54359,0.0,0,4.44,1821,0,0,417,0
30,2,0,,,False,0,LIS14-11-24,PBG11294,,,15,0,0,,,,,,-30,-40,-50,,,,,,0,saturated,0,0,0,,,0,15.28,1,15,-175,,7,0,0,0,,,,0,0.0,0,,0,0,0,0,0
30,3,1192,3.75,1.047,False,6,LIS14-11-24,PBG11294,5.456,0.458,15,2,1,18.188,0.578,46.51,56.795,67.455,-30,-40,-50,14.346,5.342,0.503,4.38,0.99,0,single_pore,0,26429,4773,174.41,1.43,0,15.28,1,15,-175,11.52,7,23404,0,0,,,,51031,0.0,0,3.96,0,0,0,411,0
30,4,0,,,False,0,LIS14-11-24,PBG11294,16.662,0.946,15,0,0,,,,,,-30,-40,-50,,15.763,1.125,14.0,0.5,0,saturated,0,0,0,,,0,15.28,1,15,-175,25.91,7,0,0,0,,,,0,0.0,0,4.43,0,0,0,0,0
31,1,0,-0.02,0.0,False,0,LIS14-11-24,PBG11294,0.084,0.406,15,0,0,0.052,0.407,0.046,0.046,0.044,-30,-40,-50,-380.0,0.06,0.403,0.0,1329.16,0,zero,0,0,0,,,0,15.28,1,15,-175,0.24,7,0,0,0,,,,0,0.0,0,1.81,0,0,0,0,56240
31,2,0,-0.12,0.001,False,0,LIS14-11-24,PBG11294,0.022,0.417,15,0,0,0.001,0.415,0.004,0.017,0.018,-30,-40,-50,-25.082,0.06,0.4,0.0,1182.09,0,zero,0,0,0,,,0,15.28,1,15,-175,0.25,7,0,0,0,,,,0,0.0,0,1.29,0,0,0,0,52282
31,3,0,0.06,0.001,False,0,LIS14-11-24,PBG11294,-0.542,0.429,15,0,0,-0.607,0.413,-0.584,-0.599,-0.608,-30,-40,-50,447.347,-0.556,0.424,0.01,10316.85,0,zero,0,0,0,,,0,15.28,1,15,-175,0.24,7,0,0,0,,,,0,0.0,0,1.49,0,0,0,0,56379
31,4,0,-0.16,0.002,False,0,LIS14-11-24,PBG11294,-0.304,0.445,15,0,0,-0.298,0.446,-0.358,-0.368,-0.394,-30,-40,-50,154.595,-0.28,0.438,-0.0,-15332.64,0,zero,0,0,0,,,0,15.28,1,15,-175,0.26,7,0,0,0,,,,0,0.0,0,1.26,0,0,0,0,56169
32,1,0,-0.46,0.002,False,0,LIS14-11-24,PBG11294,-0.028,0.312,15,0,0,0.007,0.305,0.014,0.014,-0.032,-30,-40,-50,-39.565,0.005,0.306,0.0,969.11,0,zero,0,0,0,,,0,15.28,1,15,-175,0.18,7,0,0,0,,,,0,0.0,0,1.52,0,0,0,0,56520
32,2,0,-0.02,0.002,False,0,LIS14-11-24,PBG11294,0.004,0.312,15,0,0,-0.008,0.317,0.01,-0.008,-0.028,-30,-40,-50,-35.443,0.01,0.31,0.01,-803.23,0,zero,0,0,0,,,0,15.28,1,15,-175,0.18,7,0,0,0,,,,0,0.0,0,1.83,0,0,0,0,52219
32,3,0,0.12,0.002,False,0,LIS14-11-24,PBG11294,-0.484,0.336,15,0,0,-0.468,0.338,-0.453,-0.484,-0.503,-30,-40,-50,148.383,-0.482,0.331,-0.01,-9357.3,0,zero,0,0,0,,,0,15.28,1,15,-175,0.2,7,0,0,0,,,,0,0.0,0,1.31,0,0,0,0,56279
32,4,0,-0.05,0.003,False,0,LIS14-11-24,PBG11294,-0.241,0.306,15,0,0,-0.22,0.313,-0.203,-0.228,-0.258,-30,-40,-50,43.286,-0.246,0.309,0.01,900.42,0,zero,0,0,0,,,0,15.28,1,15,-175,0.18,7,0,0,0,,,,0,0.0,0,1.77,0,0,0,0,56312
33,1,0,0.3,0.013,False,0,LIS14-11-24,PBG11294,-0.839,0.4,15,0,0,-0.542,0.368,-0.079,0.037,0.183,-30,-40,-50,-36.428,-0.732,0.391,0.06,-73.18,0,zero,0,0,0,,,0,15.28,1,15,-175,0.25,7,0,0,0,,,,0,0.0,0,3.47,0,0,0,0,56358
33,2,0,,,False,0,LIS14-11-24,PBG11294,3.058,0.994,15,0,0,,,,,,-30,-40,-50,,1.97,0.838,14.51,9.8,0,unavailable,0,0,0,,,0,15.28,1,15,-175,14.38,7,0,0,0,,,,0,0.0,0,0.67,31246,0,0,8008,0
33,3,0,0.19,0.003,False,0,LIS14-11-24,PBG11294,-0.428,0.353,15,0,0,-0.395,0.348,-0.416,-0.46,-0.485,-30,-40,-50,88.256,-0.411,0.345,0.02,-615.67,0,zero,0,0,0,,,0,15.28,1,15,-175,0.21,7,0,0,0,,,,0,0.0,0,1.95,0,0,0,0,56235
33,4,0,,,False,0,LIS14-11-24,PBG11294,,,15,0,0,,,,,,-30,-40,-50,,,,,,0,saturated,0,0,0,,,0,15.28,1,15,-175,,7,0,0,0,,,,0,0.0,0,,0,0,0,0,0
34,1,0,-4.21,0.331,False,0,LIS14-11-24,PBG11294,2.47,0.476,15,0,0,7.369,0.711,15.752,19.272,22.371,-30,-40,-50,17.73,2.36,0.496,6.63,3.25,0,unavailable,0,0,0,,,0,15.28,1,15,-175,7.6,7,0,0,0,,,,0,0.0,0,1.54,19509,0,0,8058,11664
34,2,0,17.05,2.585,False,0,LIS14-11-24,PBG11294,11.687,0.617,15,0,0,47.085,1.005,118.021,143.015,169.714,-30,-40,-50,15.532,15.171,0.737,11.0,0.4,0,saturated,0,0,0,,,0,15.28,1,15,-175,28.38,7,0,0,0,,,,0,0.0,0,4.19,0,0,0,0,0
34,3,0,,,False,0,LIS14-11-24,PBG11294,,,15,0,0,,,,,,-30,-40,-50,,,,,,0,saturated,0,0,0,,,0,15.28,1,15,-175,,7,0,0,0,,,,0,0.0,0,,0,0,0,0,0
34,4,0,-5.51,0.023,False,0,LIS14-11-24,PBG11294,0.103,0.4,15,0,0,0.536,0.574,1.423,1.467,0.96,-30,-40,-50,-77.658,0.3,0.488,1.71,75.34,0,zero,0,0,0,,,0,15.28,1,15,-175,1.72,7,0,0,0,,,,0,0.0,0,0.67,0,0,0,0,56073
35,1,432,,,False,121,LIS14-11-24,PBG11294,6.112,0.659,15,2,1,,,,,,-30,-40,-50,,6.021,0.641,13.45,1.06,0,single_pore,0,6030,189,229.18,1.22,0,15.28,1,15,-175,16.71,7,36041,7173,0,111.54,75.1,2.2,49797,0.0,0,2.21,4062,0,0,215,0
35,2,2056,1.21,0.907,True,181,LIS14-11-24,PBG11294,5.722,0.566,15,1,1,16.825,0.594,41.226,50.24,59.375,-30,-40,-50,15.408,5.699,0.53,7.49,1.14,0,single_pore,0,8166,306,214.1,1.0,0,15.28,1,15,-175,11.94,7,44156,0,0,,,,54559,0.0,0,3.31,0,0,0,0,0
35,3,0,,,False,1307,LIS14-11-24,PBG11294,13.13,0.766,15,0,0,,,,,,-30,-40,-50,,12.275,0.922,11.51,0.54,1764,multiple,0,0,7139,,,0,15.28,1,15,-175,22.68,7,0,0,0,,,,0,0.0,0,5.55,32711,0,0,15511,0
35,4,0,,,False,0,LIS14-11-24,PBG11294,,,15,0,0,,,,,,-30,-40,-50,,,,,,0,saturated,0,0,0,,,0,15.28,1,15,-175,,7,0,0,0,,,,0,0.0,0,,0,0,0,0,0
36,1,2908,4.53,0.907,True,135,LIS14-11-24,PBG11294,5.503,0.498,15,1,1,16.475,0.642,40.806,49.649,58.945,-30,-40,-50,14.898,5.492,0.463,4.68,1.14,0,single_pore,0,8079,1073,214.18,0.9,0,15.28,1,15,-175,10.32,7,40306,0,0,,,,51428,0.0,0,6.1,0,0,0,994,496
36,2,4699,3.59,0.908,True,25,LIS14-11-24,PBG11294,5.42,0.442,15,3,1,16.355,0.626,40.685,49.585,58.844,-30,-40,-50,14.737,5.385,0.455,4.2,1.15,0,single_pore,0,9857,462,213.6,1.0,0,15.28,1,15,-175,9.97,7,35312,0,0,,,,49893,0.0,0,5.33,0,0,0,1529,0
36,3,1325,1.5,0.9,True,68,LIS14-11-24,PBG11294,4.973,0.474,15,2,1,15.955,0.643,40.3,49.224,58.298,-30,-40,-50,14.754,4.954,0.456,4.44,1.14,0,single_pore,0,2059,161,214.26,1.0,0,15.28,1,15,-175,10.17,7,53847,0,0,,,,57299,0.0,0,5.94,0,0,0,60,0
36,4,809,2.38,0.917,True,19,LIS14-11-24,PBG11294,5.374,0.491,15,4,1,16.437,0.587,40.676,49.726,59.014,-30,-40,-50,14.316,5.333,0.484,4.44,1.15,0,single_pore,0,3049,806,213.49,0.95,0,15.28,1,15,-175,10.21,7,32066,12047,0,106.8,57.5,2.03,47990,0.0,0,5.81,4011,0,0,303,0
37,1,2049,4.39,0.908,True,194,LIS14-11-24,PBG11294,6.606,0.43,15,1,1,17.554,0.702,42.543,51.406,60.708,-30,-40,-50,16.749,6.542,0.474,4.05,1.13,0,single_pore,0,4409,997,215.83,0.89,0,15.28,1,15,-175,10.15,7,39271,0,0,,,,45923,0.0,0,4.54,4008,0,0,2757,496
37,2,1105,17.89,0.921,True,53,LIS14-11-24,PBG11294,7.446,0.685,15,2,1,18.584,0.838,43.015,51.327,61.428,-30,-40,-50,16.222,7.546,0.699,4.17,1.16,0,single_pore,0,4159,163,204.98,1.22,0,15.28,1,15,-175,9.98,7,36062,12031,0,116.54,67.0,2.12,53410,0.0,0,5.14,0,0,0,0,0
37,3,1857,1.38,0.909,True,54,LIS14-11-24,PBG11294,5.926,0.603,15,3,1,16.951,1.003,41.341,50.361,59.519,-30,-40,-50,15.458,5.993,0.442,3.95,1.14,0,single_pore,0,9913,333,213.26,1.06,0,15.28,1,15,-175,9.96,7,43101,0,0,,,,54925,0.0,0,4.47,0,0,0,83,0
37,4,1137,5.8,0.917,True,834,LIS14-11-24,PBG11294,6.58,0.425,15,0,0,17.605,0.489,41.965,50.84,60.295,-30,-40,-50,15.664,6.354,0.535,4.13,1.14,3381,saturated,0,544,13562,215.79,0.92,0,15.28,1,15,-175,10.04,7,3402,0,0,,,,0,0.0,0,5.01,0,0,0,10414,0
38,1,0,,,False,0,LIS14-11-24,PBG11294,,,15,0,0,,,,,,-30,-40,-50,,,,,,0,saturated,0,0,0,,,0,15.28,1,15,-175,,7,0,0,0,,,,0,0.0,0,,0,0,0,0,0
38,2,0,1.33,0.909,True,82,LIS14-11-24,PBG11294,5.752,0.444,15,1,1,16.649,0.506,40.786,49.809,58.965,-30,-40,-50,14.846,5.642,0.438,3.84,1.14,0,single_pore,0,2751,289,213.42,0.92,0,15.28,1,15,-175,9.85,7,36045,0,0,,,,38878,0.0,0,4.16,12015,0,0,597,46
38,3,1488,5.01,0.91,True,3,LIS14-11-24,PBG11294,5.253,0.497,15,2,1,16.196,0.542,40.655,49.504,58.854,-30,-40,-50,14.573,5.155,0.498,3.85,1.15,0,single_pore,0,4502,271,214.49,1.04,0,15.28,1,15,-175,9.94,7,49503,0,0,,,,55496,0.0,0,4.17,0,0,0,0,0
38,4,0,,,False,0,LIS14-11-24,PBG11294,,,15,0,0,,,,,,-30,-40,-50,,,,,,0,saturated,0,0,0,,,0,15.28,1,15,-175,,7,0,0,0,,,,0,0.0,0,,0,0,0,0,0
39,1,0,5.28,0.083,False,0,LIS14-11-24,PBG11294,0.552,0.498,15,0,0,1.082,0.545,2.283,2.851,3.947,-30,-40,-50,-4.799,0.48,0.455,2.77,15.37,0,zero,0,0,0,,,0,15.28,1,15,-175,2.93,7,0,0,0,,,,0,0.0,0,1.12,0,0,0,4038,39734
39,2,0,2.89,0.911,True,4,LIS14-11-24,PBG11294,6.069,0.442,15,2,1,16.981,0.593,41.359,50.329,59.588,-30,-40,-50,15.32,6.018,0.461,4.09,1.14,0,single_pore,0,1345,164,214.65,1.01,0,15.28,1,15,-175,10.06,7,50445,0,0,,,,51794,0.0,0,4.72,0,0,0,1826,0
39,3,921,-39.67,0.686,True,48,LIS14-11-24,PBG11294,5.528,0.473,15,1,1,16.484,0.66,40.917,49.76,54.636,-30,-40,-50,28.699,5.445,0.491,3.99,1.13,0,single_pore,0,2065,451,216.35,1.04,0,15.28,1,15,-175,10.08,7,51994,0,0,,,,55028,0.0,0,4.44,0,0,0,0,0
39,4,0,5.25,2.547,False,0,LIS14-11-24,PBG11294,9.615,0.553,15,0,0,41.032,0.931,111.879,137.085,162.816,-30,-40,-50,13.892,9.297,0.541,9.12,-0.4,0,saturated,0,0,0,,,0,15.28,1,15,-175,27.48,7,0,0,0,,,,0,0.0,0,5.65,0,0,0,0,0
40,1,0,23.89,0.113,False,224,LIS14-11-24,PBG11294,0.285,0.465,15,0,0,1.045,0.63,2.173,2.107,4.43,-30,-40,-50,-21.268,0.733,0.458,3.44,10.98,0,other,0,467,52073,206.86,3.34,0,15.28,1,15,-175,3.81,7,0,0,0,,,,691,0.0,0,1.08,0,0,0,1849,0
40,2,575,4.84,0.907,True,32,LIS14-11-24,PBG11294,5.855,0.557,15,1,1,16.859,0.548,41.3,50.129,59.442,-30,-40,-50,15.428,5.809,0.5,5.48,1.15,0,single_pore,0,4069,419,212.91,0.96,0,15.28,1,15,-175,10.63,7,45707,0,0,,,,50383,0.0,0,5.42,0,0,0,4287,0
40,3,2261,2.01,0.918,True,70,LIS14-11-24,PBG11294,5.497,0.464,15,2,1,16.499,0.542,40.815,49.893,59.172,-30,-40,-50,14.429,5.443,0.502,4.59,1.14,0,single_pore,0,2570,34,215.08,1.01,0,15.28,1,15,-175,10.32,7,46710,4006,0,94.66,63.7,1.87,55617,0.0,0,6.01,0,0,0,0,0
40,4,506,5.28,1.015,False,87,LIS14-11-24,PBG11294,4.576,0.467,15,3,1,17.757,0.825,44.559,54.445,64.859,-30,-40,-50,13.802,5.734,0.476,5.4,1.02,0,single_pore,0,895,1968,242.93,1.63,0,15.28,1,15,-175,11.6,7,24019,0,4000,,,,25507,0.0,0,6.28,5425,0,0,15568,0
41,1,0,-0.37,0.001,False,0,LIS14-11-24,PBG11294,0.065,0.433,15,0,0,0.099,0.434,0.021,0.047,0.036,-30,-40,-50,-24.736,0.041,0.426,0.0,3484.28,0,zero,0,0,0,,,0,15.28,1,15,-175,0.25,7,0,0,0,,,,0,0.0,0,1.63,0,0,0,0,56375
41,2,0,-0.57,0.0,False,0,LIS14-11-24,PBG11294,0.061,0.427,15,0,0,0.066,0.43,0.035,0.066,0.04,-30,-40,-50,-35.758,0.035,0.436,0.01,1046.84,0,zero,0,0,0,,,0,15.28,1,15,-175,0.25,7,0,0,0,,,,0,0.0,0,1.25,0,0,0,0,52235
41,3,0,0.12,0.001,False,0,LIS14-11-24,PBG11294,-0.402,0.434,15,0,0,-0.412,0.437,-0.398,-0.414,-0.418,-30,-40,-50,326.071,-0.443,0.429,0.01,-1621.68,0,zero,0,0,0,,,0,15.28,1,15,-175,0.25,7,0,0,0,,,,0,0.0,0,1.34,0,0,0,0,56312
41,4,0,0.22,0.001,False,0,LIS14-11-24,PBG11294,-0.212,0.426,15,0,0,-0.249,0.427,-0.257,-0.262,-0.245,-30,-40,-50,-240.175,-0.271,0.429,-0.0,21452.32,0,zero,0,0,0,,,0,15.28,1,15,-175,0.25,7,0,0,0,,,,0,0.0,0,1.37,0,0,0,0,56226
42,1,0,-0.51,0.002,False,0,LIS14-11-24,PBG11294,-0.04,0.322,15,0,0,0.005,0.328,-0.014,-0.005,-0.047,-30,-40,-50,-32.577,-0.008,0.323,0.01,-1190.81,0,zero,0,0,0,,,0,15.28,1,15,-175,0.19,7,0,0,0,,,,0,0.0,0,1.69,0,0,0,0,56485
42,2,0,0.43,0.0,False,0,LIS14-11-24,PBG11294,-0.056,0.322,15,0,0,0.027,0.329,0.006,-0.018,0.001,-30,-40,-50,-39.428,0.002,0.336,0.0,-5811.77,0,zero,0,0,0,,,0,15.28,1,15,-175,0.19,7,0,0,0,,,,0,0.0,0,1.4,0,0,0,0,52401
42,3,0,-0.22,0.001,False,0,LIS14-11-24,PBG11294,-0.476,0.348,15,0,0,-0.431,0.345,-0.493,-0.496,-0.521,-30,-40,-50,258.166,-0.489,0.357,0.01,15069.06,0,zero,0,0,0,,,0,15.28,1,15,-175,0.21,7,0,0,0,,,,0,0.0,0,1.55,0,0,0,0,56248
42,4,0,0.25,0.003,False,0,LIS14-11-24,PBG11294,-0.272,0.324,15,0,0,-0.235,0.325,-0.222,-0.263,-0.279,-30,-40,-50,43.972,-0.254,0.331,0.01,-36208.6,0,zero,0,0,0,,,0,15.28,1,15,-175,0.19,7,0,0,0,,,,0,0.0,0,1.28,0,0,0,0,56543
43,1,0,,,False,0,LIS14-11-24,PBG11294,,,15,0,0,,,,,,-30,-40,-50,,,,,,0,saturated,0,0,0,,,0,15.28,1,15,-175,,7,0,0,0,,,,0,0.0,0,,0,0,0,0,0
43,2,1766,3.11,0.903,True,21,LIS14-11-24,PBG11294,5.254,0.412,15,1,1,16.084,0.526,40.291,49.17,58.36,-30,-40,-50,14.534,5.097,0.45,3.76,1.15,0,single_pore,0,7146,93,212.45,0.88,0,15.28,1,15,-175,9.78,7,36311,0,0,,,,45244,0.0,0,4.05,8378,0,0,0,0
43,3,0,-0.6,0.002,False,0,LIS14-11-24,PBG11294,-0.478,0.356,15,0,0,-0.493,0.347,-0.51,-0.498,-0.546,-30,-40,-50,109.423,-0.563,0.341,0.02,28090.14,0,zero,0,0,0,,,0,15.28,1,15,-175,0.2,7,0,0,0,,,,0,0.0,0,1.57,0,0,0,0,56335
43,4,0,,,False,0,LIS14-11-24,PBG11294,,,15,0,0,,,,,,-30,-40,-50,,,,,,0,saturated,0,0,0,,,0,15.28,1,15,-175,,7,0,0,0,,,,0,0.0,0,,0,0,0,0,0
44,1,0,7.14,1.77,False,0,LIS14-11-24,PBG11294,10.875,0.591,15,0,0,32.622,1.083,80.678,98.022,116.08,-30,-40,-50,15.503,11.191,0.485,5.45,-0.58,0,saturated,0,0,0,,,0,15.28,1,15,-175,18.84,7,0,0,0,,,,0,0.0,0,9.37,0,0,0,0,0
44,2,607,,,False,14,LIS14-11-24,PBG11294,7.009,0.75,15,2,1,,,,,,-30,-40,-50,,6.974,0.712,14.34,1.09,0,single_pore,0,4714,20,221.49,1.15,0,15.28,1,15,-175,17.25,7,42950,0,0,,,,48285,0.0,0,1.98,8004,0,0,766,0
44,3,0,1.13,0.907,True,0,LIS14-11-24,PBG11294,5.65,0.645,15,1,1,16.79,0.748,41.457,50.471,59.598,-30,-40,-50,15.684,5.65,0.535,7.32,1.14,0,single_pore,0,1164,13,216.75,0.96,0,15.28,1,15,-175,11.82,7,37623,0,0,,,,38787,0.0,0,3.35,0,0,0,0,13642
44,4,0,20.08,0.907,True,0,LIS14-11-24,PBG11294,6.128,0.508,15,0,0,17.059,0.578,41.365,49.429,59.501,-30,-40,-50,15.023,5.96,0.467,6.13,1.15,0,unavailable,0,0,3,,,0,15.28,1,15,-175,11.09,7,0,0,0,,,,0,0.0,0,4.44,30675,0,0,12046,571
45,1,0,-15.58,1.172,False,0,LIS14-11-24,PBG11294,8.94,0.573,15,0,0,27.688,1.004,65.361,77.856,88.793,-30,-40,-50,25.912,9.691,0.631,5.16,0.75,4736,saturated,0,0,3231,,,0,15.28,1,15,-175,14.82,7,0,0,0,,,,0,0.0,0,3.32,0,0,0,80,0
45,2,846,3.15,0.911,True,88,LIS14-11-24,PBG11294,6.064,0.496,15,2,1,16.904,0.557,41.253,50.203,59.468,-30,-40,-50,15.232,5.984,0.481,4.26,1.15,0,single_pore,0,2265,1059,213.92,1.15,0,15.28,1,15,-175,10.08,7,52139,0,0,,,,55338,0.0,0,5.32,0,0,0,106,0
45,3,3852,-152.37,0.109,False,124,LIS14-11-24,PBG11294,5.422,0.679,15,0,0,16.047,1.021,39.678,48.389,41.863,-30,-40,-50,-16.965,5.329,0.653,4.67,1.16,0,reserved_pore,0,6418,11100,209.99,2.04,0,15.28,1,15,-175,10.2,7,31539,0,0,,,,41933,0.0,0,6.15,0,0,0,126,0
45,4,2420,4.01,0.91,True,250,LIS14-11-24,PBG11294,5.929,0.584,15,1,1,17.028,0.802,41.619,50.52,59.822,-30,-40,-50,15.645,5.846,0.54,4.45,1.13,0,single_pore,0,14832,841,216.8,0.92,0,15.28,1,15,-175,10.38,7,37012,0,0,,,,54514,0.0,0,5.44,0,0,0,0,0
46,1,1265,2.71,0.908,True,153,LIS14-11-24,PBG11294,6.031,0.467,15,1,1,16.834,0.597,41.093,50.034,59.246,-30,-40,-50,15.22,6.003,0.449,4.12,1.14,0,single_pore,0,4091,441,212.95,1.01,0,15.28,1,15,-175,10.01,7,40057,9494,0,100.69,59.3,1.81,55060,0.0,0,4.86,0,0,0,377,0
46,2,0,0.32,0.92,True,0,LIS14-11-24,PBG11294,6.048,0.489,15,3,1,16.918,0.721,41.382,50.57,59.79,-30,-40,-50,14.955,5.824,0.616,4.12,1.12,0,single_pore,0,660,14,217.32,0.95,0,15.28,1,15,-175,10.14,7,36037,16695,0,106.07,60.0,1.78,53392,0.0,0,4.74,0,0,0,0,0
46,3,1638,4.09,0.916,True,21,LIS14-11-24,PBG11294,5.464,0.569,15,4,1,16.251,0.819,40.627,49.58,58.942,-30,-40,-50,14.281,5.309,0.679,4.34,1.14,0,single_pore,0,3728,519,216.45,1.07,0,15.28,1,15,-175,10.24,7,49561,0,0,,,,54948,0.0,0,5.3,0,0,0,0,0
46,4,4009,4.9,0.908,True,125,LIS14-11-24,PBG11294,5.87,0.487,15,2,1,16.745,0.508,40.979,49.813,59.137,-30,-40,-50,15.033,5.856,0.456,4.04,1.15,0,single_pore,0,3898,112,213.49,0.87,0,15.28,1,15,-175,9.99,7,16209,0,0,,,,24241,0.0,0,4.68,17729,0,0,8410,0
47,1,711,3.35,0.898,True,0,LIS14-11-24,PBG11294,5.998,0.462,15,1,1,16.795,0.579,41.114,49.922,59.065,-30,-40,-50,15.738,5.908,0.464,3.93,1.15,0,single_pore,0,2224,440,213.63,0.89,0,15.28,1,15,-175,9.95,7,46737,0,0,,,,49672,0.0,0,4.37,2414,0,0,139,0
47,2,4454,2.05,0.906,True,50,LIS14-11-24,PBG11294,5.899,0.485,15,2,1,16.859,0.585,41.307,50.262,59.422,-30,-40,-50,15.565,5.841,0.458,4.0,1.15,0,single_pore,0,3914,886,213.92,0.85,0,15.28,1,15,-175,9.95,7,40748,0,0,,,,49166,0.0,0,4.65,4004,0,0,0,311
47,3,2436,3.38,0.907,True,249,LIS14-11-24,PBG11294,5.298,0.467,15,4,1,16.174,0.68,40.417,49.322,58.565,-30,-40,-50,14.473,5.284,0.468,3.94,1.14,0,single_pore,0,8860,1180,214.12,1.04,0,15.28,1,15,-175,9.97,7,36735,0,0,,,,48280,0.0,0,4.4,0,0,0,3935,0
47,4,3479,3.3,0.928,True,70,LIS14-11-24,PBG11294,5.739,0.493,15,3,1,16.738,0.622,41.466,50.581,60.026,-30,-40,-50,14.618,5.75,0.448,4.14,1.13,0,single_pore,0,9735,113,217.33,0.96,0,15.28,1,15,-175,10.1,7,19590,0,0,,,,32874,0.0,0,4.9,4028,0,0,0,16014
48,1,3852,2.51,0.905,True,102,LIS14-11-24,PBG11294,6.067,0.537,15,1,1,16.923,0.556,41.248,50.177,59.357,-30,-40,-50,15.505,5.991,0.516,4.01,1.15,0,single_pore,0,10694,450,215.21,1.02,0,15.28,1,15,-175,9.98,7,39013,0,0,,,,53661,0.0,0,4.6,0,0,0,420,0
48,2,1499,2.54,0.905,True,76,LIS14-11-24,PBG11294,5.901,0.507,15,3,1,16.738,0.635,40.935,49.86,59.039,-30,-40,-50,15.172,5.861,0.53,4.03,1.15,0,single_pore,0,3593,28583,213.52,0.9,0,15.28,1,15,-175,9.93,7,19443,0,0,,,,24611,0.0,0,4.74,0,0,0,2181,0
48,3,1369,4.97,0.91,True,163,LIS14-11-24,PBG11294,5.328,0.447,15,4,1,16.312,0.74,41.077,49.932,59.284,-30,-40,-50,15.018,5.276,0.448,3.85,1.13,0,single_pore,0,6508,315,215.34,0.88,0,15.28,1,15,-175,10.07,7,44924,0,0,,,,52964,0.0,0,4.11,0,0,0,549,0
48,4,2522,3.04,0.898,True,23,LIS14-11-24,PBG11294,5.67,0.517,15,2,1,16.592,0.559,40.649,49.482,58.619,-30,-40,-50,15.179,5.644,0.497,3.97,1.16,0,single_pore,0,5641,60,210.59,0.92,0,15.28,1,15,-175,9.92,7,47571,0,0,,,,55757,0.0,0,4.54,0,0,0,0,0
49,1,0,2.86,0.908,True,0,LIS14-11-24,PBG11294,5.721,0.445,15,3,1,16.637,0.519,40.743,49.676,58.895,-30,-40,-50,14.834,5.656,0.479,3.95,1.15,0,single_pore,0,152,0,212.28,0.86,0,15.28,1,15,-175,9.96,7,52059,0,0,,,,52211,0.0,0,4.42,422,0,0,0,0
49,2,3674,1.76,0.911,True,94,LIS14-11-24,PBG11294,5.71,0.478,15,2,1,16.734,0.521,41.005,50.026,59.223,-30,-40,-50,14.982,5.619,0.465,4.11,1.15,0,single_pore,0,10430,203,214.38,0.95,0,15.28,1,15,-175,10.02,7,32618,0,0,,,,46816,0.0,0,4.82,8024,0,0,0,0
49,3,0,,,False,0,LIS14-11-24,PBG11294,,,15,0,0,,,,,,-30,-40,-50,,,,,,0,saturated,0,0,0,,,0,15.28,1,15,-175,,7,0,0,0,,,,0,0.0,0,,0,0,0,0,0
49,4,426,0.68,0.887,True,0,LIS14-11-24,PBG11294,5.595,0.452,15,1,1,16.509,0.538,40.778,49.612,58.514,-30,-40,-50,15.97,5.457,0.448,4.2,1.16,0,single_pore,0,622,8053,214.0,0.73,0,15.28,1,15,-175,10.06,7,41486,0,0,,,,42534,0.0,0,5.16,0,0,0,4002,0
50,1,0,3.79,0.907,True,0,LIS14-11-24,PBG11294,5.861,0.668,15,2,1,16.495,1.023,40.536,49.42,58.683,-30,-40,-50,14.598,5.849,0.676,4.07,1.14,0,single_pore,0,0,0,,,0,15.28,1,15,-175,10.04,7,28039,24030,0,99.39,58.4,1.9,52069,0.0,0,4.71,4005,0,0,0,0
50,2,0,49.3,0.305,False,0,LIS14-11-24,PBG11294,4.614,0.629,15,0,0,10.027,0.937,23.088,23.674,29.19,-30,-40,-50,28.152,4.412,0.628,4.46,3.47,0,unavailable,0,0,0,,,0,15.28,1,15,-175,6.79,7,4022,0,0,,,,4022,0.0,0,1.97,33888,0,0,4020,0
50,3,0,-96.48,0.201,False,0,LIS14-11-24,PBG11294,0.651,0.461,15,0,0,4.425,1.632,11.261,14.071,7.233,-30,-40,-50,-58.506,1.418,0.467,3.35,9.34,0,zero,0,0,0,,,0,15.28,1,15,-175,4.0,7,0,0,0,,,,0,0.0,0,1.13,1827,0,0,4003,36696
50,4,546,5.03,0.919,True,0,LIS14-11-24,PBG11294,6.197,0.536,15,1,1,17.25,0.538,41.725,50.661,60.1,-30,-40,-50,15.31,6.084,0.56,6.2,1.13,0,single_pore,0,1294,18,215.94,0.97,0,15.28,1,15,-175,11.21,7,44058,10183,0,108.24,63.8,2.0,56081,0.0,0,4.48,0,0,0,0,0
51,1,0,0.14,0.001,False,0,LIS14-11-24,PBG11294,-0.015,0.309,15,0,0,-0.001,0.302,0.013,-0.007,-0.013,-30,-40,-50,-38.363,0.007,0.302,0.0,1459.44,0,zero,0,0,0,,,0,15.28,1,15,-175,0.17,7,0,0,0,,,,0,0.0,0,1.57,0,0,0,0,56384
51,2,0,0.46,0.002,False,0,LIS14-11-24,PBG11294,-0.017,0.306,15,0,0,-0.04,0.318,-0.057,-0.065,-0.027,-30,-40,-50,-58.563,-0.006,0.312,-0.01,-2721.74,0,zero,0,0,0,,,0,15.28,1,15,-175,0.18,7,0,0,0,,,,0,0.0,0,1.59,0,0,0,0,52238
51,3,0,-0.19,0.0,False,0,LIS14-11-24,PBG11294,-0.388,0.347,15,0,0,-0.437,0.341,-0.458,-0.449,-0.459,-30,-40,-50,35.055,-0.399,0.34,0.01,-23905.85,0,zero,0,0,0,,,0,15.28,1,15,-175,0.2,7,0,0,0,,,,0,0.0,0,1.77,0,0,0,0,56169
51,4,0,0.32,0.0,False,0,LIS14-11-24,PBG11294,-0.249,0.336,15,0,0,-0.267,0.338,-0.274,-0.293,-0.28,-30,-40,-50,49.788,-0.259,0.331,0.0,974.12,0,zero,0,0,0,,,0,15.28,1,15,-175,0.19,7,0,0,0,,,,0,0.0,0,1.51,0,0,0,0,56196
52,1,0,-0.11,0.001,False,0,LIS14-11-24,PBG11294,-0.123,0.311,15,0,0,-0.133,0.32,-0.09,-0.099,-0.119,-30,-40,-50,27.564,-0.111,0.319,0.0,-433.2,0,zero,0,0,0,,,0,15.28,1,15,-175,0.2,7,0,0,0,,,,0,0.0,0,1.97,0,0,0,0,56444
52,2,0,0.12,0.001,False,0,LIS14-11-24,PBG11294,-0.078,0.319,15,0,0,-0.118,0.318,-0.115,-0.135,-0.143,-30,-40,-50,48.173,-0.105,0.321,0.02,3737.76,0,zero,0,0,0,,,0,15.28,1,15,-175,0.19,7,0,0,0,,,,0,0.0,0,1.45,0,0,0,0,52448
52,3,0,0.04,0.004,False,0,LIS14-11-24,PBG11294,-0.513,0.319,15,0,0,-0.538,0.314,-0.526,-0.563,-0.596,-30,-40,-50,120.302,-0.541,0.323,0.01,991.99,0,zero,0,0,0,,,0,15.28,1,15,-175,0.19,7,0,0,0,,,,0,0.0,0,1.52,0,0,0,0,56170
52,4,0,-0.25,0.003,False,0,LIS14-11-24,PBG11294,-0.335,0.305,15,0,0,-0.344,0.304,-0.348,-0.364,-0.405,-30,-40,-50,82.771,-0.299,0.31,0.01,-782.05,0,zero,0,0,0,,,0,15.28,1,15,-175,0.18,7,0,0,0,,,,0,0.0,0,1.96,0,0,0,0,52587
53,1,0,282.39,1.069,False,0,LIS14-11-24,PBG11294,-0.546,0.638,15,0,0,4.988,1.732,35.908,11.098,14.527,-30,-40,-50,-52.132,-7.034,2.254,46.49,0.47,0,zero,0,0,0,,,0,15.28,1,15,-175,45.14,7,0,0,0,,,,0,0.0,0,1.81,4002,0,0,8018,31386
53,2,0,,,False,0,LIS14-11-24,PBG11294,,,15,0,0,,,,,,-30,-40,-50,,,,,,0,saturated,0,0,0,,,0,15.28,1,15,-175,,7,0,0,0,,,,0,0.0,0,,0,0,0,0,0
53,3,0,0.39,0.007,False,0,LIS14-11-24,PBG11294,-1.455,0.314,15,0,0,-1.38,0.313,-1.14,-1.093,-1.007,-30,-40,-50,-197.881,-1.465,0.31,0.09,-177.77,0,zero,0,0,0,,,0,15.28,1,15,-175,0.22,7,0,0,0,,,,0,0.0,0,5.0,0,0,0,0,56207
53,4,0,,,False,0,LIS14-11-24,PBG11294,,,15,0,0,,,,,,-30,-40,-50,,,,,,0,saturated,0,0,0,,,0,15.28,1,15,-175,,7,0,0,0,,,,0,0.0,0,,0,0,0,0,0
54,1,0,2.93,0.913,True,14,LIS14-11-24,PBG11294,6.055,0.494,15,3,1,17.018,0.545,41.51,50.498,59.779,-30,-40,-50,15.385,5.927,0.523,5.89,1.15,0,single_pore,0,1405,295,214.04,1.07,0,15.28,1,15,-175,10.96,7,36057,16018,0,105.52,57.9,1.89,53494,0.0,0,4.8,0,0,0,387,0
54,2,1511,3.5,0.824,True,11,LIS14-11-24,PBG11294,5.885,0.413,15,1,1,16.892,0.585,41.285,49.355,57.775,-30,-40,-50,19.993,5.818,0.402,5.29,1.19,0,single_pore,0,6215,125,213.21,0.89,0,15.28,1,15,-175,10.25,7,36068,8261,0,95.48,62.5,1.96,52066,0.0,0,5.51,0,0,0,0,310
54,3,945,4.33,0.897,True,3,LIS14-11-24,PBG11294,5.554,0.448,15,4,1,16.5,0.557,40.732,49.484,58.669,-30,-40,-50,15.326,5.516,0.439,5.71,1.14,0,single_pore,0,5521,139,213.29,0.86,0,15.28,1,15,-175,10.81,7,39610,5265,0,111.02,61.0,1.9,51344,0.0,0,5.08,0,0,0,0,0
54,4,2636,6.85,0.912,True,82,LIS14-11-24,PBG11294,5.866,0.608,15,2,1,16.955,0.82,41.638,50.42,59.887,-30,-40,-50,15.482,5.752,0.584,5.66,1.13,0,single_pore,0,7813,27,215.97,1.02,0,15.28,1,15,-175,10.89,7,37429,0,0,,,,47960,0.0,0,5.3,1201,0,0,4035,0
55,1,0,-14.63,2.615,False,0,LIS14-11-24,PBG11294,15.113,1.043,15,0,0,45.653,2.243,121.167,148.047,173.464,-30,-40,-50,16.417,13.702,0.987,9.34,-0.39,0,saturated,0,0,0,,,0,15.28,1,15,-175,29.83,7,0,0,0,,,,0,0.0,0,6.23,0,0,0,0,0
55,2,0,-39.34,0.305,False,0,LIS14-11-24,PBG11294,4.133,1.167,15,0,0,11.288,3.41,24.373,29.39,30.473,-30,-40,-50,40.852,3.995,1.25,4.53,1.55,0,zero,0,0,0,,,0,15.28,1,15,-175,8.57,7,0,0,0,,,,0,0.0,0,4.92,0,0,0,0,43778
55,3,0,3.84,1.78,False,40,LIS14-11-24,PBG11294,10.774,0.613,15,0,0,32.324,0.741,80.169,97.775,115.765,-30,-40,-50,15.006,10.61,0.629,6.86,0.58,2931,saturated,0,385,41536,227.29,3.18,0,15.28,1,15,-175,19.22,7,0,0,0,,,,0,0.0,0,3.4,0,0,0,3215,0
55,4,0,32.74,1.529,False,0,LIS14-11-24,PBG11294,7.269,0.631,15,0,0,27.487,0.806,71.924,85.573,102.496,-30,-40,-50,16.479,7.202,0.598,5.88,0.66,0,saturated,0,0,899,,,0,15.28,1,15,-175,16.8,7,0,0,0,,,,0,0.0,0,3.33,0,0,0,0,70
56,1,4199,2.56,0.887,True,71,LIS14-11-24,PBG11294,6.077,0.434,15,2,1,16.461,0.586,40.281,49.024,58.023,-30,-40,-50,15.356,5.706,0.462,4.4,1.16,0,single_pore,0,14930,333,209.62,0.95,0,15.28,1,15,-175,10.04,7,32991,0,0,,,,52191,0.0,0,5.72,0,0,0,2043,883
56,2,1043,11.4,0.921,True,0,LIS14-11-24,PBG11294,6.101,0.567,15,4,1,17.131,0.7,41.628,50.265,60.042,-30,-40,-50,14.937,6.04,0.614,4.57,1.12,0,single_pore,0,1577,12,215.88,1.04,0,15.28,1,15,-175,10.29,7,49394,0,0,,,,52014,0.0,0,6.08,0,0,0,0,0
56,3,3257,4.08,0.914,True,45,LIS14-11-24,PBG11294,5.845,0.463,15,3,1,16.91,0.617,41.432,50.367,59.71,-30,-40,-50,15.252,5.86,0.439,4.63,1.13,0,single_pore,0,4634,168,215.47,1.03,0,15.28,1,15,-175,10.35,7,40061,9555,0,105.04,61.9,1.96,57552,0.0,0,6.13,0,0,0,51,33
56,4,1979,2.36,0.898,True,43,LIS14-11-24,PBG11294,6.07,0.45,15,1,1,17.015,0.638,41.404,50.27,59.372,-30,-40,-50,16.039,6.062,0.46,4.44,1.15,0,single_pore,0,4870,70,214.19,0.96,0,15.28,1,15,-175,10.17,7,49104,0,0,,,,55996,0.0,0,5.86,0,0,0,264,0
57,1,0,5.18,0.622,True,0,LIS14-11-24,PBG11294,4.322,0.46,15,0,0,12.467,0.764,30.087,36.046,42.523,-30,-40,-50,18.214,4.309,0.437,3.76,1.64,0,unavailable,0,0,4039,,,0,15.28,1,15,-175,7.4,7,0,0,15293,,,,0,0.0,0,5.53,16047,0,0,8009,0
57,2,401,3.28,0.904,True,16,LIS14-11-24,PBG11294,5.499,0.533,15,2,1,16.382,0.7,40.531,49.412,58.621,-30,-40,-50,14.744,5.531,0.507,4.11,1.16,0,single_pore,0,2765,279,210.99,1.04,0,15.28,1,15,-175,9.95,7,36025,16028,0,94.42,58.7,2.01,55235,0.0,0,4.96,0,0,0,0,393
57,3,1191,4.71,0.907,True,104,LIS14-11-24,PBG11294,5.136,0.461,15,3,1,16.026,0.549,40.451,49.286,58.592,-30,-40,-50,14.497,5.095,0.491,4.22,1.14,0,single_pore,0,8137,505,214.02,1.0,0,15.28,1,15,-175,10.09,7,42243,0,0,,,,51675,0.0,0,5.23,0,0,0,2345,234
57,4,5347,4.52,0.899,True,223,LIS14-11-24,PBG11294,5.395,0.507,15,1,1,16.33,0.496,40.396,49.157,58.37,-30,-40,-50,14.854,5.451,0.491,4.07,1.15,0,single_pore,0,15424,1071,211.82,0.96,0,15.28,1,15,-175,9.96,7,29331,0,0,,,,50325,0.0,0,4.85,0,0,0,2190,0
58,1,0,45.0,0.093,False,0,LIS14-11-24,PBG11294,4.265,0.893,15,0,0,6.921,1.624,9.939,6.758,8.077,-30,-40,-50,-70.1,3.073,0.664,3.39,3.13,0,unavailable,0,0,31,,,0,15.28,1,15,-175,5.4,7,0,0,0,,,,0,0.0,0,2.56,30641,0,0,8789,0
58,2,367,3.22,0.913,True,71,LIS14-11-24,PBG11294,6.106,0.448,15,2,1,17.064,0.619,41.42,50.389,59.68,-30,-40,-50,15.302,5.983,0.465,4.11,1.14,0,single_pore,0,1168,12334,216.53,1.1,0,15.28,1,15,-175,9.99,7,28028,0,0,,,,29634,0.0,0,4.95,11621,0,0,0,0
58,3,0,3.28,0.924,True,0,LIS14-11-24,PBG11294,5.597,0.516,15,3,1,16.778,0.632,41.356,50.43,59.832,-30,-40,-50,14.702,5.52,0.488,3.91,1.12,0,single_pore,0,0,0,,,0,15.28,1,15,-175,10.13,7,24015,20038,0,99.71,62.2,2.0,44053,0.0,0,4.17,8033,0,0,0,0
58,4,3614,4.12,0.903,True,172,LIS14-11-24,PBG11294,5.872,0.43,15,1,1,16.778,0.573,41.057,49.878,59.111,-30,-40,-50,15.397,5.766,0.436,4.0,1.14,0,single_pore,0,10673,176,213.7,0.95,0,15.28,1,15,-175,9.96,7,40443,0,0,,,,54902,0.0,0,4.61,781,0,0,0,0
59,1,3162,4.99,0.915,True,56,LIS14-11-24,PBG11294,5.455,0.438,15,1,1,16.515,0.573,41.035,49.931,59.326,-30,-40,-50,14.765,5.32,0.471,4.06,1.14,0,single_pore,0,11227,1125,216.69,0.96,0,15.28,1,15,-175,10.02,7,37058,0,0,,,,51503,0.0,0,4.71,0,0,0,115,400
59,2,0,6.13,0.908,True,11,LIS14-11-24,PBG11294,5.218,0.629,15,3,1,15.992,0.969,40.072,48.842,58.225,-30,-40,-50,14.016,4.424,0.838,3.94,1.14,0,single_pore,0,3617,3,212.89,0.93,0,15.28,1,15,-175,9.98,7,36037,8014,0,107.0,60.9,1.95,47679,0.0,0,4.37,5460,0,0,0,0
59,3,1140,3.53,0.899,True,32,LIS14-11-24,PBG11294,4.903,0.428,15,2,1,15.727,0.569,39.932,48.749,57.919,-30,-40,-50,14.329,4.799,0.429,3.81,1.15,0,single_pore,0,8799,54,213.07,0.89,0,15.28,1,15,-175,9.89,7,43188,0,0,,,,53159,0.0,0,4.14,0,0,0,1234,0
59,4,586,34.79,0.889,True,52,LIS14-11-24,PBG11294,4.523,0.443,15,4,1,14.363,0.486,37.593,44.74,55.366,-30,-40,-50,11.0,3.974,0.499,4.11,1.18,0,single_pore,0,6082,278,206.49,1.18,0,15.28,1,15,-175,9.82,7,48525,0,0,,,,55245,0.0,0,5.22,0,0,0,58,0
60,1,700,4.03,0.908,True,81,LIS14-11-24,PBG11294,6.068,0.451,15,2,1,16.837,0.5,41.087,49.962,59.24,-30,-40,-50,15.184,5.779,0.574,4.06,1.15,0,single_pore,0,1924,166,213.82,1.07,0,15.28,1,15,-175,10.01,7,47868,4009,0,103.85,56.5,1.88,54582,0.0,0,4.74,0,0,0,0,0
60,2,967,4.07,0.906,True,166,LIS14-11-24,PBG11294,6.236,0.448,15,1,1,17.11,0.587,41.439,50.294,59.556,-30,-40,-50,15.662,6.176,0.457,4.92,1.14,0,single_pore,0,8477,152,214.26,0.92,0,15.28,1,15,-175,10.38,7,48027,0,0,,,,57637,0.0,0,5.89,0,0,0,0,0
60,3,0,5.34,0.907,True,0,LIS14-11-24,PBG11294,5.346,0.518,15,3,1,16.226,0.625,40.532,49.332,58.666,-30,-40,-50,14.589,5.306,0.564,4.04,1.15,0,single_pore,0,2313,12,214.32,1.07,0,15.28,1,15,-175,10.0,7,54765,0,0,,,,57078,0.0,0,4.7,0,0,0,0,0
60,4,706,3.11,0.926,True,39,LIS14-11-24,PBG11294,5.466,0.762,15,4,1,16.29,1.12,40.504,49.608,59.023,-30,-40,-50,13.682,5.303,0.774,4.85,1.12,0,single_pore,0,938,1984,221.94,1.25,0,15.28,1,15,-175,10.5,7,48967,0,0,,,,50650,0.0,0,6.34,379,0,0,15,0
61,1,0,-0.07,0.001,False,0,LIS14-11-24,PBG11294,0.074,0.325,15,0,0,0.071,0.329,0.022,0.033,0.037,-30,-40,-50,-1.878,0.006,0.329,-0.01,-16853.04,0,zero,0,0,0,,,0,15.28,1,15,-175,0.19,7,0,0,0,,,,0,0.0,0,1.46,0,0,0,0,56291
61,2,0,-0.48,0.001,False,0,LIS14-11-24,PBG11294,0.038,0.325,15,0,0,0.049,0.323,0.014,0.05,0.038,-30,-40,-50,-27.857,-0.0,0.329,0.0,1301.36,0,zero,0,0,0,,,0,15.28,1,15,-175,0.2,7,0,0,0,,,,0,0.0,0,1.3,0,0,0,0,52248
61,3,0,0.28,0.001,False,0,LIS14-11-24,PBG11294,-0.367,0.351,15,0,0,-0.38,0.346,-0.386,-0.41,-0.406,-30,-40,-50,202.339,-0.407,0.346,-0.01,1368.72,0,zero,0,0,0,,,0,15.28,1,15,-175,0.2,7,0,0,0,,,,0,0.0,0,1.37,0,0,0,0,56276
61,4,0,0.37,0.001,False,0,LIS14-11-24,PBG11294,-0.203,0.352,15,0,0,-0.242,0.347,-0.26,-0.273,-0.249,-30,-40,-50,-139.33,-0.284,0.347,-0.0,-2194.25,0,zero,0,0,0,,,0,15.28,1,15,-175,0.21,7,0,0,0,,,,0,0.0,0,1.35,0,0,0,0,56266
62,1,0,-0.35,0.002,False,0,LIS14-11-24,PBG11294,-0.037,0.363,15,0,0,0.053,0.346,0.043,0.044,0.01,-30,-40,-50,-54.252,0.047,0.346,0.01,1226.45,0,zero,0,0,0,,,0,15.28,1,15,-175,0.21,7,0,0,0,,,,0,0.0,0,2.14,0,0,0,0,56216
62,2,0,0.51,0.0,False,0,LIS14-11-24,PBG11294,-0.037,0.363,15,0,0,0.068,0.347,0.037,0.007,0.028,-30,-40,-50,-44.557,0.05,0.352,-0.0,-3921.83,0,zero,0,0,0,,,0,15.28,1,15,-175,0.21,7,0,0,0,,,,0,0.0,0,1.66,0,0,0,0,56076
62,3,0,0.06,0.0,False,0,LIS14-11-24,PBG11294,-0.466,0.393,15,0,0,-0.422,0.398,-0.48,-0.484,-0.482,-30,-40,-50,1165.0,-0.443,0.399,0.01,559.84,0,zero,0,0,0,,,0,15.28,1,15,-175,0.23,7,0,0,0,,,,0,0.0,0,1.65,0,0,0,0,56165
62,4,0,0.04,0.003,False,0,LIS14-11-24,PBG11294,-0.255,0.383,15,0,0,-0.2,0.37,-0.199,-0.235,-0.267,-30,-40,-50,28.646,-0.203,0.378,0.01,-803.39,0,zero,0,0,0,,,0,15.28,1,15,-175,0.22,7,0,0,0,,,,0,0.0,0,2.51,0,0,0,0,56339
63,1,0,-0.4,0.02,False,0,LIS14-11-24,PBG11294,-1.125,0.336,15,0,0,-0.686,0.398,-0.031,0.19,0.371,-30,-40,-50,-31.24,-0.947,0.359,0.07,50.09,0,zero,0,0,0,,,0,15.28,1,15,-175,0.3,7,0,0,0,,,,0,0.0,0,4.12,0,0,0,0,56489
63,2,0,,,False,0,LIS14-11-24,PBG11294,,,15,0,0,,,,,,-30,-40,-50,,,,,,0,saturated,0,0,0,,,0,15.28,1,15,-175,,7,0,0,0,,,,0,0.0,0,,0,0,0,0,0
63,3,0,,,False,0,LIS14-11-24,PBG11294,,,15,0,0,,,,,,-30,-40,-50,,,,,,0,saturated,0,0,0,,,0,15.28,1,15,-175,,7,0,0,0,,,,0,0.0,0,,0,0,0,0,0
63,4,0,,,False,0,LIS14-11-24,PBG11294,,,15,0,0,,,,,,-30,-40,-50,,,,,,0,saturated,0,0,0,,,0,15.28,1,15,-175,,7,0,0,0,,,,0,0.0,0,,0,0,0,0,0
64,1,0,3.59,0.913,True,39,LIS14-11-24,PBG11294,5.922,0.483,15,1,1,16.965,0.561,41.493,50.442,59.75,-30,-40,-50,15.382,5.773,0.57,6.59,1.13,0,single_pore,0,6204,214,216.55,1.01,0,15.28,1,15,-175,11.36,7,29139,0,0,,,,35382,0.0,0,4.11,11751,0,0,4017,493
64,2,1417,-0.89,0.886,True,137,LIS14-11-24,PBG11294,5.701,0.625,15,0,0,16.797,0.635,41.202,50.107,58.923,-30,-40,-50,16.517,5.782,0.468,5.64,1.14,0,zero,0,5661,223,213.67,1.02,0,15.28,1,15,-175,10.81,7,4431,0,0,,,,11646,0.0,0,5.1,0,0,0,0,44092
64,3,0,,,False,0,LIS14-11-24,PBG11294,,,15,0,0,,,,,,-30,-40,-50,,6.278,0.737,15.32,1.12,0,saturated,0,0,0,,,0,15.28,1,15,-175,17.85,7,0,0,0,,,,0,0.0,0,1.78,0,0,0,0,0
64,4,0,1.68,0.897,True,0,LIS14-11-24,PBG11294,5.676,0.453,15,2,1,16.484,0.72,40.749,49.64,58.699,-30,-40,-50,15.37,5.533,0.455,5.02,1.15,0,single_pore,0,0,0,,,0,15.28,1,15,-175,10.46,7,36067,20053,0,95.31,62.7,1.82,56120,0.0,0,5.91,0,0,0,0,0
65,1,1063,4.76,0.912,True,66,LIS14-11-24,PBG11294,6.779,0.507,15,1,1,17.705,0.556,41.895,50.777,60.135,-30,-40,-50,15.838,6.762,0.507,4.5,1.15,0,single_pore,0,9541,201,215.6,0.99,0,15.28,1,15,-175,10.24,7,38106,0,0,,,,48776,0.0,0,5.79,0,0,0,4778,0
65,2,0,-32.73,0.016,False,0,LIS14-11-24,PBG11294,2.352,1.081,15,0,0,1.992,1.292,3.746,5.541,4.063,-30,-40,-50,-32.315,1.501,0.943,3.84,23.65,0,zero,0,0,0,,,0,15.28,1,15,-175,3.98,7,0,0,0,,,,0,0.0,0,0.81,4005,0,0,4003,35027
65,3,2252,5.84,0.901,True,120,LIS14-11-24,PBG11294,5.649,0.503,15,3,1,16.414,0.662,40.6,49.321,58.626,-30,-40,-50,14.919,5.545,0.529,4.71,1.16,0,single_pore,0,10860,24,212.26,0.96,0,15.28,1,15,-175,10.22,7,22452,0,52,,,,35684,0.0,0,6.12,8017,0,0,8010,74
65,4,3653,4.26,0.899,True,149,LIS14-11-24,PBG11294,5.957,0.496,15,2,1,16.814,0.628,41.016,49.791,58.992,-30,-40,-50,15.545,5.898,0.499,4.93,1.15,0,single_pore,0,10717,1672,212.02,0.92,0,15.28,1,15,-175,10.38,7,36426,0,0,,,,50945,0.0,0,5.99,0,0,0,356,0
66,1,4104,,,False,646,LIS14-11-24,PBG11294,9.522,0.647,15,0,0,,,,,,-30,-40,-50,,8.895,0.689,12.35,0.8,7291,multiple,0,1442,31716,234.76,2.05,0,15.28,1,15,-175,17.98,7,0,0,4002,,,,0,0.0,0,2.74,0,0,0,5373,0
66,2,2291,1.07,0.922,True,161,LIS14-11-24,PBG11294,5.426,0.73,15,3,1,16.345,0.935,40.737,49.906,59.182,-30,-40,-50,14.151,5.441,0.674,4.88,1.14,0,single_pore,0,5093,492,215.63,1.07,0,15.28,1,15,-175,10.35,7,39867,7317,0,110.25,62.2,1.95,54729,0.0,0,6.16,0,0,0,0,309
66,3,1984,2.08,0.891,True,73,LIS14-11-24,PBG11294,5.164,0.466,15,1,1,15.951,0.646,40.103,48.905,57.915,-30,-40,-50,14.988,5.112,0.478,4.38,1.15,0,single_pore,0,15641,237,212.2,0.9,0,15.28,1,15,-175,10.12,7,36764,0,0,,,,54462,0.0,0,5.7,0,0,0,95,0
66,4,4177,3.37,0.918,True,163,LIS14-11-24,PBG11294,5.595,0.539,15,2,1,16.692,0.54,40.944,49.955,59.303,-30,-40,-50,14.536,5.585,0.492,5.56,1.14,0,single_pore,0,12281,1226,214.01,0.93,0,15.28,1,15,-175,10.74,7,33910,0,0,,,,50531,0.0,0,5.36,3027,0,0,32,0
67,1,4546,3.8,0.901,True,126,LIS14-11-24,PBG11294,5.522,0.542,15,2,1,16.302,0.624,40.524,49.347,58.55,-30,-40,-50,14.883,5.499,0.54,4.52,1.15,0,single_pore,0,17250,174,212.59,0.94,0,15.28,1,15,-175,10.14,7,9564,0,0,,,,31486,0.0,0,6.15,19259,0,0,4294,0
67,2,949,4.14,0.904,True,27,LIS14-11-24,PBG11294,5.538,0.518,15,3,1,16.208,0.674,40.355,49.188,58.435,-30,-40,-50,14.555,5.39,0.565,4.2,1.16,0,single_pore,0,2799,609,212.81,0.93,0,15.28,1,15,-175,9.98,7,50769,0,0,,,,54544,0.0,0,5.25,0,0,0,0,0
67,3,919,-2.74,0.867,True,29,LIS14-11-24,PBG11294,4.682,0.717,15,1,1,15.155,1.061,39.292,48.101,56.636,-30,-40,-50,15.357,4.653,0.722,4.46,1.15,0,single_pore,0,241,5113,203.72,2.57,0,15.28,1,15,-175,10.23,7,49262,0,0,,,,50451,0.0,0,5.76,0,0,0,0,0
67,4,0,4.22,0.915,True,0,LIS14-11-24,PBG11294,5.322,0.538,15,4,1,16.3,0.58,40.626,49.566,58.928,-30,-40,-50,14.309,5.283,0.547,4.02,1.15,0,single_pore,0,0,131,,,0,15.28,1,15,-175,10.0,7,40054,12834,0,99.83,61.7,2.03,52888,0.0,0,4.74,0,0,0,45,0
68,1,3157,3.26,0.903,True,412,LIS14-11-24,PBG11294,5.554,0.554,15,1,1,16.352,0.61,40.721,49.592,58.789,-30,-40,-50,15.009,5.492,0.569,4.06,1.15,0,single_pore,0,21419,446,214.59,0.94,0,15.28,1,15,-175,10.03,7,23953,0,0,,,,48941,0.0,0,4.67,0,0,0,0,3757
68,2,604,3.8,0.907,True,5,LIS14-11-24,PBG11294,5.507,0.553,15,2,1,16.371,0.531,40.676,49.561,58.826,-30,-40,-50,14.744,5.509,0.559,4.05,1.15,0,single_pore,0,458,12271,214.09,1.04,0,15.28,1,15,-175,9.94,7,36038,0,0,,,,37105,0.0,0,4.81,2100,0,0,0,0
68,3,0,-1.02,0.007,False,0,LIS14-11-24,PBG11294,-0.127,0.44,15,0,0,-0.058,0.434,0.217,0.341,0.363,-30,-40,-50,-3.83,-0.147,0.437,3.29,94.2,0,zero,0,0,0,,,0,15.28,1,15,-175,3.26,7,0,0,0,,,,0,0.0,0,0.59,0,0,0,0,56189
68,4,0,0.19,0.007,False,0,LIS14-11-24,PBG11294,0.146,0.396,15,0,0,0.268,0.378,0.562,0.622,0.701,-30,-40,-50,49.848,0.142,0.388,3.36,83.03,0,zero,0,0,0,,,0,15.28,1,15,-175,3.32,7,0,0,0,,,,0,0.0,0,0.59,0,0,0,0,56449
69,1,2198,5.3,0.908,True,41,LIS14-11-24,PBG11294,5.964,0.442,15,2,1,16.776,0.497,40.998,49.809,59.15,-30,-40,-50,15.059,5.927,0.44,3.88,1.15,0,single_pore,0,6421,1143,214.64,1.0,0,15.28,1,15,-175,9.93,7,35973,0,0,,,,44633,0.0,0,4.18,4167,0,0,5278,18
69,2,0,3.86,0.912,True,68,LIS14-11-24,PBG11294,5.94,0.441,15,1,1,16.981,0.417,41.338,50.263,59.574,-30,-40,-50,15.258,5.831,0.454,3.99,1.14,0,single_pore,0,32375,98,213.22,0.85,0,15.28,1,15,-175,9.93,7,20010,0,0,,,,52453,0.0,0,4.63,0,0,0,6,309
69,3,0,38.16,1.276,False,93,LIS14-11-24,PBG11294,6.291,0.496,15,0,0,21.883,1.026,55.405,66.254,80.919,-30,-40,-50,12.541,5.981,0.465,4.94,0.88,6131,multiple,0,0,47237,,,0,15.28,1,15,-175,13.23,7,0,0,0,,,,0,0.0,0,4.07,0,0,0,124,0
69,4,0,1.4,0.005,False,0,LIS14-11-24,PBG11294,5.639,0.458,15,0,0,2.608,1.631,0.855,0.832,0.949,-30,-40,-50,67.48,0.152,0.371,3.07,67.73,0,zero,0,0,0,,,0,15.28,1,15,-175,3.08,7,0,0,0,,,,0,0.0,0,0.63,0,0,0,0,56235
70,1,0,-10.49,0.236,False,0,LIS14-11-24,PBG11294,2.248,0.447,15,0,0,4.369,0.997,9.31,12.197,14.035,-30,-40,-50,9.337,1.942,0.445,3.14,5.06,0,unavailable,0,0,0,,,0,15.28,1,15,-175,3.97,7,0,0,0,,,,0,0.0,0,1.93,35339,0,0,8020,0
70,2,847,3.78,0.906,True,139,LIS14-11-24,PBG11294,5.846,0.465,15,1,1,16.78,0.528,40.965,49.836,59.085,-30,-40,-50,15.138,5.703,0.455,4.95,1.18,0,single_pore,0,1387,757,213.88,0.98,0,15.28,1,15,-175,10.41,7,33481,0,0,,,,35854,0.0,0,5.53,9301,0,0,7191,0
70,3,2219,4.18,0.904,True,92,LIS14-11-24,PBG11294,5.286,0.48,15,3,1,16.161,0.574,40.288,49.115,58.36,-30,-40,-50,14.499,5.217,0.46,4.39,1.15,0,single_pore,0,12095,877,213.51,0.94,0,15.28,1,15,-175,10.15,7,34883,0,0,,,,49289,0.0,0,5.63,0,0,0,4384,0
70,4,3555,3.38,0.907,True,162,LIS14-11-24,PBG11294,5.699,0.465,15,2,1,16.696,0.502,40.977,49.879,59.119,-30,-40,-50,15.105,5.604,0.444,4.95,1.14,0,single_pore,0,6058,601,214.69,0.93,0,15.28,1,15,-175,10.43,7,42999,0,0,,,,52774,0.0,0,6.07,0,0,0,191,0
71,1,0,0.15,0.001,False,0,LIS14-11-24,PBG11294,-0.003,0.315,15,0,0,-0.016,0.313,-0.025,-0.039,-0.038,-30,-40,-50,-3.77,-0.004,0.317,0.01,-790.4,0,zero,0,0,0,,,0,15.28,1,15,-175,0.19,7,0,0,0,,,,0,0.0,0,1.98,0,0,0,0,56165
71,2,0,0.09,0.002,False,0,LIS14-11-24,PBG11294,-0.048,0.313,15,0,0,-0.047,0.316,-0.069,-0.054,-0.03,-30,-40,-50,-65.698,-0.031,0.317,0.0,-3468.22,0,zero,0,0,0,,,0,15.28,1,15,-175,0.18,7,0,0,0,,,,0,0.0,0,1.5,0,0,0,0,52222
71,3,0,0.15,0.001,False,0,LIS14-11-24,PBG11294,-0.348,0.28,15,0,0,-0.36,0.292,-0.368,-0.388,-0.393,-30,-40,-50,233.571,-0.358,0.3,0.01,4532.43,0,zero,0,0,0,,,0,15.28,1,15,-175,0.17,7,0,0,0,,,,0,0.0,0,1.47,0,0,0,0,56269
71,4,0,-0.06,0.001,False,0,LIS14-11-24,PBG11294,-0.258,0.295,15,0,0,-0.248,0.291,-0.27,-0.272,-0.28,-30,-40,-50,449.286,-0.253,0.292,-0.01,1418.8,0,zero,0,0,0,,,0,15.28,1,15,-175,0.17,7,0,0,0,,,,0,0.0,0,1.58,0,0,0,0,56275
72,1,0,-0.48,0.001,False,0,LIS14-11-24,PBG11294,-0.087,0.443,15,0,0,-0.111,0.433,-0.122,-0.105,-0.136,-30,-40,-50,-4.855,-0.068,0.443,-0.0,1264.54,0,zero,0,0,0,,,0,15.28,1,15,-175,0.25,7,0,0,0,,,,0,0.0,0,1.42,0,0,0,0,56303
72,2,0,0.15,0.001,False,0,LIS14-11-24,PBG11294,-0.093,0.446,15,0,0,-0.117,0.444,-0.074,-0.09,-0.091,-30,-40,-50,39.396,-0.05,0.436,0.0,635.64,0,zero,0,0,0,,,0,15.28,1,15,-175,0.26,7,0,0,0,,,,0,0.0,0,1.3,0,0,0,0,52301
72,3,0,0.33,0.003,False,0,LIS14-11-24,PBG11294,-0.529,0.435,15,0,0,-0.586,0.444,-0.544,-0.591,-0.605,-30,-40,-50,133.262,-0.527,0.439,0.01,579.87,0,zero,0,0,0,,,0,15.28,1,15,-175,0.26,7,0,0,0,,,,0,0.0,0,1.51,0,0,0,0,56235
72,4,0,0.04,0.003,False,0,LIS14-11-24,PBG11294,-0.326,0.447,15,0,0,-0.366,0.446,-0.359,-0.387,-0.411,-30,-40,-50,108.041,-0.314,0.449,-0.02,1463.18,0,zero,0,0,0,,,0,15.28,1,15,-175,0.26,7,0,0,0,,,,0,0.0,0,1.56,0,0,0,0,56415
73,1,0,1.73,0.017,False,0,LIS14-11-24,PBG11294,-2.212,0.364,15,0,0,2.459,0.366,5.394,5.478,5.735,-30,-40,-50,259.018,-4.135,0.494,0.6,-6.47,0,unavailable,0,0,0,,,0,15.28,1,15,-175,1.68,7,0,0,0,,,,0,0.0,0,4.35,27875,0,0,8016,7905
73,2,357,6.72,0.897,True,30,LIS14-11-24,PBG11294,5.13,0.51,15,1,1,15.936,0.525,40.122,48.76,58.07,-30,-40,-50,14.559,5.075,0.496,4.97,1.16,0,single_pore,0,1109,79,211.16,0.89,0,15.28,1,15,-175,10.34,7,55818,0,0,,,,57314,0.0,0,5.72,0,0,0,0,0
73,3,0,0.13,0.002,False,0,LIS14-11-24,PBG11294,-0.65,0.322,15,0,0,-0.613,0.321,-0.54,-0.53,-0.507,-30,-40,-50,-342.916,-0.64,0.328,0.02,352.74,0,zero,0,0,0,,,0,15.28,1,15,-175,0.19,7,0,0,0,,,,0,0.0,0,2.76,0,0,0,0,52340
73,4,0,,,False,0,LIS14-11-24,PBG11294,,,15,0,0,,,,,,-30,-40,-50,,,,,,0,saturated,0,0,0,,,0,15.28,1,15,-175,,7,0,0,0,,,,0,0.0,0,,0,0,0,0,0
74,1,0,,,False,0,LIS14-11-24,PBG11294,,,15,0,0,,,,,,-30,-40,-50,,,,,,0,saturated,0,0,0,,,0,15.28,1,15,-175,,7,0,0,0,,,,0,0.0,0,,0,0,0,0,0
74,2,1642,-0.6,0.711,True,85,LIS14-11-24,PBG11294,6.148,0.471,15,1,1,15.593,0.738,36.857,43.997,51.077,-30,-40,-50,21.852,5.306,0.58,5.9,1.36,0,single_pore,0,11967,376,215.16,1.0,0,15.28,1,15,-175,9.76,7,12025,0,0,,,,25719,0.0,0,3.67,0,0,0,907,26987
74,3,0,49.14,2.83,False,0,LIS14-11-24,PBG11294,30.769,1.335,15,0,0,66.788,1.608,153.556,179.4,210.158,-30,-40,-50,23.808,27.759,1.023,9.29,-0.35,0,saturated,0,0,0,,,0,15.28,1,15,-175,31.98,7,0,0,0,,,,0,0.0,0,9.11,0,0,0,0,0
74,4,6318,5.69,0.911,True,70,LIS14-11-24,PBG11294,5.959,0.61,15,2,1,16.915,0.892,41.669,50.491,59.882,-30,-40,-50,15.635,5.796,0.59,6.17,1.14,0,single_pore,0,11349,410,215.25,0.98,0,15.28,1,15,-175,11.15,7,34997,0,0,,,,52734,0.0,0,4.46,0,0,0,0,0
75,1,0,,,False,0,LIS14-11-24,PBG11294,,,15,0,0,,,,,,-30,-40,-50,,,,,,0,saturated,0,0,0,,,0,15.28,1,15,-175,,7,0,0,0,,,,0,0.0,0,,0,0,0,0,0
75,2,3786,4.75,0.904,True,334,LIS14-11-24,PBG11294,5.61,0.472,15,2,1,16.339,0.505,40.429,49.23,58.506,-30,-40,-50,14.63,5.51,0.509,4.54,1.16,0,single_pore,0,5116,1030,212.67,1.08,0,15.28,1,15,-175,10.12,7,47981,0,0,,,,57217,0.0,0,6.19,0,0,0,4,0
75,3,0,5.25,0.902,True,0,LIS14-11-24,PBG11294,5.271,0.616,15,1,1,16.148,0.806,40.65,49.408,58.691,-30,-40,-50,14.952,5.232,0.608,5.3,1.14,0,single_pore,0,0,0,,,0,15.28,1,15,-175,10.63,7,32026,19737,0,99.15,61.1,1.84,51763,0.0,0,5.49,0,0,0,0,0
